330042,tvdwiele,0.622790762340322,1,2016-07-06 23:30:06.110,1.0
326871,Markus,0.621704156467442,2,2016-07-06 23:41:13.637,1.0
342066,Jack (Japan),0.613940605747012,3,2016-06-28 08:39:04.110,1.0
324484,Grey,0.611801396423313,4,2016-07-06 04:17:26.733,1.0
343367,Li Li,0.611705701679878,5,2016-07-06 19:53:15.323,1.0
323934,Qingchen,0.611087616651356,6,2016-07-06 15:11:09.090,1.0
324600,Andre Naef,0.610429642676755,7,2016-07-06 12:35:40.217,1.0
326902,Mikhail Pershin,0.608339926627932,8,2016-07-06 18:18:25.717,1.0
338485,cute chibiko,0.607227644666505,9,2016-07-06 12:53:08.873,1.0
324860,LeonLu,0.607195501146859,10,2016-07-06 23:44:02.460,1.0
330954,Moomin,0.605854186926116,11,2016-07-06 19:29:59.670,1.0
324493,zrt,0.605246442041872,12,2016-07-06 22:47:10.233,1.0
340381,Zhenjie Zhang,0.605023141398085,13,2016-07-06 08:31:10.063,2.0
344805,geoduck,0.604424497389887,14,2016-07-06 07:52:44.170,2.0
324384,Slow Guy,0.604395994220658,15,2016-07-06 02:42:35.133,2.0
328083,citynight,0.604318462502179,16,2016-07-06 23:51:54.270,2.0
341289,PhoenixLin,0.604157163996921,17,2016-07-06 23:45:47.097,2.0
323391,CarrDelling,0.603429636093041,18,2016-07-06 00:27:34.470,2.0
326898,no one,0.603400048564118,19,2016-07-06 17:28:13.750,2.0
324289,Jared Turkewitz,0.603307064719905,20,2016-07-04 23:51:43.480,2.0
338631,data_js,0.603265549234274,21,2016-07-04 22:52:37.260,2.0
335978,John Seamons,0.602904922180045,22,2016-07-06 14:28:17.850,2.0
326373,Larry Freeman,0.602797028389978,23,2016-07-06 23:54:11.977,2.0
324333,w_________g,0.602471681753104,24,2016-07-06 22:03:46.600,2.0
331683,Flashpacker,0.602320258666508,25,2016-07-06 23:38:32.397,2.0
329251,Mircea Neagovici,0.601920478481725,26,2016-07-06 22:18:53.523,2.0
323221,Guanshuo Xu,0.601907582346739,27,2016-07-06 22:00:14.910,2.0
341852,Frederik Andersen,0.601483365341559,28,2016-07-06 14:16:06.120,2.0
342873,Vladimir Tomecek,0.601287212417409,29,2016-07-06 22:28:21.257,2.0
326138,micheal_kim,0.601245193479056,30,2016-07-06 22:47:42.730,2.0
343988,Shubin,0.60121161705552,31,2016-07-06 22:40:20.850,2.0
340975,King of UMN,0.600623739190046,32,2016-07-03 01:13:41.480,2.0
324663,Chengcen,0.600591285853339,33,2016-07-05 17:57:29.830,2.0
334291,Sasha,0.600510075057286,34,2016-06-29 17:03:39.407,2.0
335442,赵克伯格,0.600185386781674,35,2016-07-06 08:38:40.147,2.0
335942,cactusplants,0.600159749420185,36,2016-07-05 13:44:01.727,2.0
328351,AndreasJohnsson,0.600129387348612,37,2016-07-06 14:07:03.473,2.0
342899,rakhlin,0.600022500463982,38,2016-07-01 12:19:20.540,2.0
326675,YijunMa,0.599930213708151,39,2016-07-06 00:31:26.440,2.0
329551,Ravi S.,0.599298496729128,40,2016-07-06 16:58:39.543,2.0
325002,YuyaYamamoto,0.599087627494772,41,2016-06-29 00:13:12.827,2.0
344671,SK,0.598962848675099,42,2016-07-06 21:07:08.140,2.0
342635,YaTa,0.598950339811438,43,2016-06-25 18:08:01.550,2.0
323365,Sandro,0.598940309484205,44,2016-06-28 10:53:11.423,2.0
330794,Marsan Ma,0.598560396318175,45,2016-07-06 15:32:28.747,2.0
332589,Xun Qiu,0.598477558982593,46,2016-07-06 20:42:38.333,2.0
338290,you know what you doing,0.598370246099511,47,2016-07-06 23:56:17.003,2.0
338356,lonely shepherd,0.597995638550592,48,2016-07-06 23:22:00.173,2.0
331508,SY,0.597915628295629,49,2016-07-06 16:48:03.690,2.0
323346,ZFTurbo,0.597399705441632,50,2016-07-05 16:28:43.910,2.0
334687,David,0.597388590754709,51,2016-07-06 20:53:23.913,2.0
324970,bubuka,0.597211414125303,52,2016-07-06 04:55:07.170,2.0
344587,EnvyMyFieldsMedal,0.597088378026566,53,2016-07-05 20:46:34.463,2.0
338483,Tod Wright,0.596436174394646,54,2016-07-06 15:20:13.190,2.0
333767,Radu Stoicescu,0.595785481120883,55,2016-07-06 11:11:47.890,2.0
342829,J. A. Guerrero,0.594931509130653,56,2016-07-06 13:56:41.310,2.0
327129,wilam,0.594733768394084,57,2016-06-26 18:49:33.403,2.0
342900,Evgeny Nekrasov,0.594442772723383,58,2016-07-05 23:08:05.690,2.0
328032,Abhi,0.593932155486471,59,2016-07-04 23:04:03.297,2.0
323247,anokas (╯°□°)╯︵ ʞooqǝɔɐɟ,0.593208616477204,60,2016-07-06 21:43:06.577,2.0
329159,shdgrao,0.592714535725706,61,2016-06-21 21:43:21.850,3.0
325181,Ivanhoe,0.59260927538063,62,2016-07-06 18:44:02.547,3.0
324907,Zane Lim,0.592403401946296,63,2016-07-02 16:43:12.007,3.0
323645,Anton Alexandrov,0.592128981488161,64,2016-06-29 21:13:31.610,3.0
325929,┬──┬ ノ( ゜-゜ノ),0.5917941467039,65,2016-07-03 21:22:49.857,3.0
325214,Prithvi,0.59171343936058,66,2016-07-06 05:26:13.203,3.0
323307,Bojan Tunguz,0.591590984168826,67,2016-07-03 12:49:00.083,3.0
332547,Andreisun,0.591540638897099,68,2016-06-25 23:21:10.770,3.0
343398,alno,0.591511980819337,69,2016-06-26 13:13:55.843,3.0
325089,Arti163pl,0.591279811662301,70,2016-07-06 16:34:59.930,3.0
340154,andrekos,0.591259596099353,71,2016-07-05 12:01:59.183,3.0
324909,kuan chen,0.591120217150854,72,2016-07-06 12:04:28.907,3.0
330598,Danijel Kivaranovic,0.59052095350854,73,2016-06-12 07:15:35.563,3.0
341631,Itenyh,0.590278831478583,74,2016-06-29 16:24:44.867,3.0
324597,Anonymous Aquatic Thief Eating His Morning Meal,0.590262527355958,75,2016-07-01 14:16:18.690,3.0
323718,Anonymous SRK,0.590204707747703,76,2016-07-06 17:21:02.570,3.0
338107,thedoctor46,0.590201648304279,77,2016-07-06 21:54:42.313,3.0
326623,Valeriu Radu,0.590187009448328,78,2016-06-29 10:33:33.040,3.0
327619,davenger,0.590164431530304,79,2016-06-19 23:25:22.280,3.0
341114,happycube,0.590118965877215,80,2016-07-06 19:41:50.497,3.0
327705,That is a cool job!,0.590105914833702,81,2016-07-06 19:09:10.087,3.0
323364,ash hafez,0.590079812746641,82,2016-07-04 21:15:29.683,3.0
325174,Branden Murray,0.590076133669084,83,2016-06-25 18:27:14.830,3.0
333454,tsing,0.589909064821174,84,2016-07-06 12:50:55.240,3.0
342044,Matt Motoki,0.589883814731033,85,2016-07-06 04:04:08.730,3.0
323957,Dmitry Larko,0.589613499348858,86,2016-06-27 15:49:32.583,3.0
342488,TenaciousTerrier,0.589539065800952,87,2016-07-06 16:55:43.320,3.0
338838,witwitchayakarn,0.589477024935306,88,2016-06-23 04:22:12.170,3.0
324554,Vladimir Larin,0.589357048280029,89,2016-07-06 23:32:17.693,3.0
345387,Gino,0.589194045780951,90,2016-07-06 23:28:06.170,3.0
331626,VincentHaines,0.589088204528881,91,2016-07-06 16:26:57.223,3.0
323788,chu_cs_nmsu,0.588784235268928,92,2016-07-06 00:25:21.363,3.0
341373,meng ai,0.58876014699277,93,2016-07-06 22:22:16.810,3.0
339675,Hamed,0.588391697057832,94,2016-07-06 07:32:48.213,3.0
341934,Violete,0.588162780979915,95,2016-07-06 11:31:04.917,3.0
324743,applewq1987 .,0.588133580722297,96,2016-06-23 04:49:20.073,3.0
338319,mandelbrot,0.58804679321923,97,2016-06-28 20:32:50.303,3.0
342089,dune_dweller,0.588043656321535,98,2016-06-29 15:20:09.433,3.0
324181,Alexey Kisel,0.587918993683255,99,2016-07-06 15:37:08.720,3.0
334820,Lauren Savage,0.587858772992841,100,2016-07-06 05:32:19.290,3.0
342568,uni,0.587556701362336,101,2016-07-06 20:12:02.660,3.0
337119,wallysharp,0.587516734962,102,2016-07-06 05:31:12.247,3.0
345041,Andaman,0.587491329963332,103,2016-07-06 16:36:37.333,3.0
325726,indradenbakker,0.58746534405768,104,2016-07-06 22:40:21.540,3.0
342361,jkbschwarz,0.587143056864239,105,2016-06-28 16:45:01.637,3.0
323584,Alex,0.587062194612389,106,2016-07-06 16:23:42.220,3.0
328942,LIN China,0.587042327593618,107,2016-07-06 17:22:19.173,3.0
332663,Chef Boyardee,0.586932962172516,108,2016-07-06 22:30:41.460,3.0
334139,Arcady27,0.586789865419361,109,2016-07-06 14:04:19.163,3.0
336720,Panos Christidis,0.586782739627051,110,2016-07-06 09:13:35.667,3.0
338198,Isaac,0.586767674772665,111,2016-07-05 06:27:36.807,3.0
324057,derekatwood,0.58661454769229,112,2016-07-06 23:00:20.057,3.0
331754,Facebook Calling,0.58656067825151,113,2016-07-05 09:23:32.830,3.0
325379,Kostadinov,0.586509364801472,114,2016-07-04 15:13:48.633,3.0
330827,Vishal,0.58645797389715,115,2016-07-03 07:01:01.413,3.0
339187,autumn_lake,0.586450654469184,116,2016-07-06 23:10:00.047,3.0
340989,Xiaoyu Wang,0.58643636415743,117,2016-07-06 10:27:59.867,3.0
339234,ShenHuang,0.586436015613242,118,2016-07-06 15:24:45.590,3.0
340775,Chris Maki,0.586426140194554,119,2016-07-06 23:43:49.397,3.0
345340,mheras,0.586424823472065,120,2016-07-04 18:51:26.837,3.0
325667,DennisSakva,0.586402206826905,121,2016-06-11 12:18:18.440,3.0
344472,wlouie,0.586401393557133,122,2016-07-02 17:39:42.777,
344384,Andrey Vykhodtsev,0.586401393557133,123,2016-07-03 22:46:09.210,
345044,jbilla,0.586401393557133,124,2016-07-05 05:37:33.810,
324078,MA,0.586401393557133,125,2016-07-06 10:09:10.413,
331318,kyv,0.586401393557133,126,2016-07-06 14:34:25.890,
323791,Checkface,0.586401393557133,127,2016-07-06 15:09:20.540,
324618,murali krishna teja,0.586401393557133,128,2016-07-06 22:35:22.060,
335088,wlrdmlk,0.586401393557133,129,2016-07-06 23:38:19.863,
339566,Adel,0.586401238648605,130,2016-07-06 22:56:52.213,
326631,syllogismos,0.586368204404932,131,2016-07-04 23:29:48.107,
332249,Kozyr,0.586269760035086,132,2016-06-25 07:11:27.070,
326510,MightyBird,0.586093435402594,133,2016-07-06 13:28:20.987,
342134,Watts,0.585568411672525,134,2016-07-04 13:00:47.860,
323874,Etherqua,0.585533169982304,135,2016-07-06 23:21:07.950,
343953,Peter T,0.58552999435745,136,2016-07-01 09:53:07.103,
326958,jyf90,0.585470625663943,137,2016-07-06 03:46:53.083,
327801,Gopal Sharma,0.58543038817368,138,2016-07-06 13:47:54.220,
345522,Eric Telliez,0.585413541871207,139,2016-07-06 21:01:55.707,
344509,Lishan Zhang,0.585019648210479,140,2016-07-04 01:42:14.857,
324004,Alexandru Papiu,0.584978055270579,141,2016-07-04 17:02:10.113,
340676,Michael Hartman,0.584918183124352,142,2016-07-06 22:40:20.897,
334509,sagol,0.584764397682721,143,2016-06-29 16:36:08.757,
340056,Siddharth Chandrakant,0.584692016672806,144,2016-07-06 11:24:12.077,
330470,musicmilif,0.584654218991852,145,2016-07-06 06:28:46.250,
324377,Kele XU,0.584627497270714,146,2016-07-05 13:39:35.200,
326586,Abhishek Gupta,0.584493501393612,147,2016-07-06 23:24:04.917,
326098,Willie Liao,0.584428517265899,148,2016-07-06 21:25:49.380,
344388,J Trotman,0.584335765784497,149,2016-07-06 22:08:06.313,
326299,mingjerli,0.584321552927013,150,2016-07-06 14:43:52.080,
344822,47459,0.584186433963065,151,2016-07-06 16:44:22.283,
323447,David Shinn,0.584176790907164,152,2016-07-06 13:27:33.520,
325092,John Savage,0.584168038575313,153,2016-07-05 19:10:56.727,
326193,smota,0.584006778797195,154,2016-07-06 23:16:33.830,
323757,yilisg,0.583964876040266,155,2016-07-06 11:53:07.893,
340851,PL,0.583838470681039,156,2016-07-06 03:47:39.600,
345502,Charles Roberson,0.583796606651227,157,2016-07-06 18:56:12.297,
343403,Yantraguru,0.583780379982859,158,2016-07-06 11:28:31.047,
330862,WARD,0.58375695006793,159,2016-07-06 04:39:55.373,
342154,haiyang,0.583756601523736,160,2016-07-06 22:27:52.863,
335352,sdcs_ying,0.583736618323574,161,2016-07-06 05:43:02.437,
324210,Canivel,0.583730925435153,162,2016-07-05 17:42:16.067,
323577,Anil Kumar,0.58370861860705,163,2016-07-06 05:09:45.683,
329242,LetStats,0.58370861860705,164,2016-07-06 06:39:08.917,
341890,12876,0.58370861860705,165,2016-07-06 21:25:24.050,
341887,Paulo Pinto,0.583678837442452,166,2016-07-06 22:46:40.653,
343277,cia,0.583667490392751,167,2016-07-06 05:16:16.143,
324781,openneuron,0.583656491887232,168,2016-07-06 23:30:28.710,
329282,NadeemK,0.583649908274768,169,2016-07-05 17:51:57.967,
344469,Cy,0.583649908274768,170,2016-07-06 21:23:02.163,
345479,Prestonite,0.583643402116577,171,2016-07-05 10:01:09.370,
323594,50573,0.583643402116577,172,2016-07-05 11:33:50.953,
324146,71787,0.583643402116577,173,2016-07-05 12:25:40.537,
345433,zhun310,0.583643402116577,174,2016-07-05 13:07:59.060,
326518,pringleslion,0.583643402116577,175,2016-07-05 13:50:48.247,
335474,default,0.583643402116577,176,2016-07-05 16:39:51.150,
345114,Евгений Журин,0.583643402116577,177,2016-07-05 22:38:12.727,
327436,Aayush Mudgal,0.583643402116577,178,2016-07-06 02:16:44.700,
345108,AlexPupyshev,0.583643402116577,179,2016-07-06 10:20:06.780,
324394,$#0Ck~@Ve,0.583643402116577,180,2016-07-06 16:05:10.960,
324075,Ashwini,0.583643402116577,181,2016-07-06 18:59:30.487,
327006,zzz,0.583643402116577,182,2016-07-06 22:22:31.470,
339248,Raghavendra Kotikalapudi,0.583643402116577,183,2016-07-06 23:02:49.230,
339164,kVAL,0.583643402116577,184,2016-07-06 23:16:04.283,
330821,Manisha Lal,0.583643324662313,185,2016-07-05 20:05:44.327,
342977,not_today,0.583643324662313,186,2016-07-06 03:53:13.020,
327991,XxxX,0.583630931980029,187,2016-07-06 15:27:24.890,
323716,Wenlong Shen,0.58362856962497,188,2016-07-06 01:42:57.630,
344050,tomas,0.583626129815652,189,2016-07-06 19:49:01.360,
327544,stat17,0.583588796860293,190,2016-07-06 17:59:46.097,
338595,Nitthilan Kannappan Jayakodi,0.583564282585672,191,2016-07-06 21:28:31.103,
324980,clustifier,0.583560177509667,192,2016-07-05 18:55:32.470,
343618,LazyEvaluation,0.583543563569987,193,2016-07-06 15:54:58.513,
339081,85349,0.583539148676926,194,2016-07-06 21:46:35.220,
325250,Dave Hurst,0.583537212320319,195,2016-07-06 23:58:25.787,
344450,Numerical Methodical,0.583532487610201,196,2016-07-06 18:20:44.140,
342770,bricedev,0.583530977252051,197,2016-07-06 12:34:04.000,
345045,88059,0.583527569264424,198,2016-07-06 17:13:01.803,
326621,Matt Stroganov,0.583527569264424,199,2016-07-06 17:30:35.130,
330009,Liqun Yu,0.583527569264424,200,2016-07-06 18:31:59.467,
340677,amzgsteve,0.583527336901632,201,2016-07-06 16:39:19.567,
339704,Leandro dos Santos Coelho,0.583518507115509,202,2016-07-06 20:49:30.863,
338602,.,0.583518507115509,203,2016-07-06 21:15:56.527,
323517,17453,0.583518507115509,204,2016-07-06 21:21:09.470,
324297,Andrew Ostapets,0.583518507115509,205,2016-07-06 21:34:18.143,
326848,CK,0.583518507115509,206,2016-07-06 21:41:16.910,
342228,[entropy],0.583518507115509,207,2016-07-06 21:49:46.610,
323268,NxGTR,0.583518507115509,208,2016-07-06 22:00:51.657,
325223,JibyBabu,0.583518507115509,209,2016-07-06 22:23:21.050,
335069,vishallakha,0.583518507115509,210,2016-07-06 22:23:48.320,
345505,lzwhite,0.583518507115509,211,2016-07-06 22:50:14.380,
337661,Paul H,0.583518507115509,212,2016-07-06 23:03:13.210,
325554,Michael Pawlus,0.583518507115509,213,2016-07-06 23:30:24.730,
341224,wes1,0.583518507115509,214,2016-07-06 23:31:18.410,
344688,hardeeparora,0.583518507115509,215,2016-07-06 23:43:24.013,
326316,kes367,0.583518507115509,216,2016-07-06 23:44:58.023,
339307,ZharmagambetovArman,0.583517190393019,217,2016-07-06 10:10:26.960,
324139,iyarmolau,0.583517190393019,218,2016-07-06 10:50:36.803,
343025,PabloNieto,0.583517190393019,219,2016-07-06 10:57:09.280,
323668,karimo,0.583517190393019,220,2016-07-06 11:00:39.693,
325939,xepace54,0.583517190393019,221,2016-07-06 11:32:32.660,
340792,Abhijeet Panda,0.583517190393019,222,2016-07-06 12:30:46.860,
323384,777,0.583517190393019,223,2016-07-06 12:51:20.610,
325359,Hyun Ook Ryu,0.583517190393019,224,2016-07-06 13:07:55.990,
338973,Bernd Allmendinger,0.583517190393019,225,2016-07-06 13:34:52.760,
327760,achm,0.583517190393019,226,2016-07-06 13:49:57.527,
344011,Shravan Sunkada,0.583517190393019,227,2016-07-06 14:23:23.927,
339921,Krish Mahajan,0.583516222214714,228,2016-07-06 13:25:33.810,
344407,Haozhen,0.583516222214714,229,2016-07-06 13:41:36.967,
340607,Testimate,0.583516222214714,230,2016-07-06 14:06:36.957,
324313,Manas Ranjan Kar,0.583516222214714,231,2016-07-06 15:24:05.790,
327001,PrathameshChhariya,0.583516222214714,232,2016-07-06 16:06:29.943,
343812,Alexey Matveev,0.583516222214714,233,2016-07-06 16:34:04.353,
323713,Stanislav Chistyakov,0.583516222214714,234,2016-07-06 17:18:35.380,
345439,Siddharth Shahi,0.583516222214714,235,2016-07-06 17:20:04.820,
325437,48882,0.583516222214714,236,2016-07-06 17:34:42.947,
324149,Anonymous 91870,0.583516222214714,237,2016-07-06 18:11:35.207,
334110,Nilotpal Sinha,0.583516222214714,238,2016-07-06 18:29:12.420,
344865,Bogdan Ghenea,0.583516222214714,239,2016-07-06 18:52:55.063,
330674,brassmonkey,0.583516222214714,240,2016-07-06 19:03:27.953,
328628,Darth Sidious,0.583516222214714,241,2016-07-06 19:17:22.093,
324252,tkchka,0.583516222214714,242,2016-07-06 19:32:25.797,
339268,Kirill Malev,0.583516222214714,243,2016-07-06 20:03:50.317,
341320,piby4,0.583516222214714,244,2016-07-06 20:05:21.257,
342175,mwrln,0.583516222214714,245,2016-07-06 20:36:10.010,
341207,Romain Gauthier,0.583512698045693,246,2016-07-06 13:06:48.740,
345132,Doug Koch,0.583508709151085,247,2016-07-06 23:43:30.593,
337539,Andreas Hsieh,0.583504913892138,248,2016-07-06 19:59:13.730,
324429,Kazuomi Kashii,0.583503442261116,249,2016-07-06 16:32:28.840,
324220,hamelg,0.583494535020732,250,2016-07-06 21:00:51.460,
342278,Alexander Aleskin,0.583494186476541,251,2016-07-06 22:47:11.850,
335108,AustinPowell,0.583480864343092,252,2016-07-06 17:37:49.020,
331006,NikolayBurlutskiy,0.583480670707431,253,2016-07-06 10:39:14.410,
343154,Analytics-In-Genes,0.583476643085694,254,2016-07-06 14:57:06.040,
328014,cud155,0.583476100905843,255,2016-07-05 22:37:31.007,
344489,Rich He,0.583476100905843,256,2016-07-05 22:38:43.007,
330803,Roubaix,0.583476100905843,257,2016-07-05 22:40:53.137,
324894,Rafael Moraes,0.583476100905843,258,2016-07-05 23:19:30.743,
325980,aman kumar,0.583476100905843,259,2016-07-05 23:48:37.427,
323305,Lawrence Chernin,0.583476100905843,260,2016-07-05 23:55:30.870,
324655,SarthakYadav,0.583476100905843,261,2016-07-06 00:27:02.100,
338640,mashdi,0.583476100905843,262,2016-07-06 01:25:00.577,
334560,Yuqing Xue,0.583476100905843,263,2016-07-06 01:51:04.737,
323163,21549,0.583476100905843,264,2016-07-06 02:13:12.000,
327413,JohnM,0.583476100905843,265,2016-07-06 04:20:13.563,
327962,MartinMM,0.583476100905843,266,2016-07-06 04:28:28.013,
325612,Arman,0.583476100905843,267,2016-07-06 04:33:50.867,
323867,Bhambhani Mohan,0.583476100905843,268,2016-07-06 04:54:25.527,
340504,tautauk,0.583476100905843,269,2016-07-06 05:25:14.920,
328329,Vikram Jha,0.583476100905843,270,2016-07-06 05:32:56.623,
338516,MichaelB,0.583476100905843,271,2016-07-06 05:58:34.490,
328007,Kevin Zhang,0.583476100905843,272,2016-07-06 06:12:10.963,
326520,Maddy,0.583476100905843,273,2016-07-06 06:54:59.577,
342276,Mark Peng,0.583476100905843,274,2016-07-06 06:57:47.953,
344103,KeshavSehgal,0.583476100905843,275,2016-07-06 07:14:21.127,
339789,Vsevolod,0.583476100905843,276,2016-07-06 07:28:13.837,
324897,CVegas,0.583476100905843,277,2016-07-06 08:13:01.933,
325282,Korovyev,0.583476100905843,278,2016-07-06 08:28:10.920,
324348,Sibanjan,0.583476100905843,279,2016-07-06 08:40:40.017,
343053,jesting.pilate,0.583476100905843,280,2016-07-06 09:09:41.137,
323982,Rasmia,0.583476100905843,281,2016-07-06 10:01:25.593,
340130,daisy,0.583476100905843,282,2016-07-06 10:05:01.350,
323707,DL,0.583476100905843,283,2016-07-06 10:06:25.703,
332002,Rudi Kruger,0.583476100905843,284,2016-07-06 10:21:21.130,
345102,Mishyak,0.583476100905843,285,2016-07-06 10:44:54.800,
334080,Kenley Tan,0.583476100905843,286,2016-07-06 11:28:35.550,
324304,nernst,0.583476100905843,287,2016-07-06 14:23:21.013,
341047,ChipMonkey,0.583463940586356,288,2016-07-05 13:16:03.857,
344118,Alexander Makeev,0.583463940586356,289,2016-07-05 13:34:16.023,
344204,giserXi,0.583463940586356,290,2016-07-05 14:18:49.870,
324896,StT,0.583463940586356,291,2016-07-05 15:06:52.827,
344020,advnturecaptlst,0.583463940586356,292,2016-07-05 17:56:38.100,
326781,Philip Popien,0.583463940586356,293,2016-07-05 19:09:20.360,
326106,Lambor \m/,0.583463940586356,294,2016-07-05 20:41:35.963,
324349,Sergei Bugrov,0.583463940586356,295,2016-07-05 21:19:00.840,
332999,Carlos J,0.583463940586356,296,2016-07-06 07:31:00.620,
326122,Ajay_Jadhav,0.583451625358347,297,2016-07-05 11:00:07.303,
323754,Pietro Marinelli,0.583451625358347,298,2016-07-05 12:34:08.320,
341281,Yunfeng Zhu,0.583451625358347,299,2016-07-05 12:36:22.847,
341028,Dowakin,0.583451625358347,300,2016-07-05 13:35:53.953,
345209,radvin,0.583451625358347,301,2016-07-05 14:01:45.213,
325807,Anthony P.,0.583451625358347,302,2016-07-05 15:46:00.573,
344734,Sandeep42,0.583437838499313,303,2016-07-05 07:38:47.013,
342702,Sreenivasulu Puli,0.583437838499313,304,2016-07-05 09:21:36.433,
326881,flashnik,0.583437838499313,305,2016-07-05 10:06:06.223,
326183,quantability,0.583437838499313,306,2016-07-05 11:37:51.560,
333103,Pseudo,0.583437838499313,307,2016-07-05 12:29:25.057,
345169,jovchi,0.583437838499313,308,2016-07-06 23:37:09.643,
333144,gunds,0.583437063956669,309,2016-07-06 04:23:15.380,
326179,MikeS,0.583426336541092,310,2016-07-04 12:29:58.160,
335841,eddyod,0.583333159061217,311,2016-07-06 16:22:43.420,
330722,33255,0.583280838705731,312,2016-06-26 01:45:02.957,
328666,stmct,0.583156524611653,313,2016-07-05 01:53:43.087,
340196,Darren Lee,0.583156447157387,314,2016-07-04 06:38:34.463,
324871,Humberto Brandão,0.583065554578328,315,2016-07-05 00:56:42.010,
326065,rajkumar bn,0.583065554578328,316,2016-07-05 03:56:14.710,
339964,HenryVu,0.583065554578328,317,2016-07-05 14:38:08.463,
336124,SiddharthTiwari,0.583034069419919,318,2016-07-05 00:31:55.043,
323711,locate_p,0.583034069419919,319,2016-07-05 06:54:30.820,
323616,Ayman Khalafallah,0.582933456330693,320,2016-07-04 18:28:43.367,
344705,Cyrus,0.582933456330693,321,2016-07-04 19:54:53.790,
337465,noviceDM,0.582879974161244,322,2016-07-03 15:16:25.417,
337348,Vikas Pandey,0.582854724071094,323,2016-07-02 05:20:26.173,
327090,GuissartSebastien,0.58284202157177,324,2016-07-05 07:12:43.523,
341744,who @m !,0.582835089415121,325,2016-07-04 17:25:00.473,
327864,Yunwen Chen,0.582835089415121,326,2016-07-06 15:09:32.607,
325486,pim,0.582835089415121,327,2016-07-06 18:05:05.880,
343400,ddrbcn,0.582824904179376,328,2016-07-04 14:14:52.707,
345163,75530,0.582821612373147,329,2016-07-03 03:27:07.817,
328109,21090,0.582821612373147,330,2016-07-03 14:19:49.483,
339095,Ivan,0.582821612373147,331,2016-07-03 19:09:32.783,
325426,Mostafa ElAraby,0.582821612373147,332,2016-07-04 07:05:42.323,
342996,Saibal Dutta,0.582821612373147,333,2016-07-04 07:36:36.757,
331226,Vivek Sarma,0.582821612373147,334,2016-07-04 08:57:13.320,
333401,34349,0.582821612373147,335,2016-07-04 09:50:37.730,
344978,Čeduljko,0.582817352388615,336,2016-07-04 13:18:31.937,
324380,AJ Cloete,0.582812008044382,337,2016-07-02 17:04:12.270,
325880,Scirpus,0.582812008044382,338,2016-07-03 08:29:28.840,
324292,Ravi Chandibhamar,0.582809180963738,339,2016-07-03 13:43:30.167,
328071,JeffH,0.582805075887734,340,2016-07-02 02:00:45.240,
324435,26851,0.582805075887734,341,2016-07-02 04:51:37.197,
345148,49333,0.582805075887734,342,2016-07-02 09:32:47.317,
344766,zacks,0.582805075887734,343,2016-07-02 10:24:32.733,
335250,CeShine Lee,0.582805075887734,344,2016-07-02 13:42:28.523,
328308,RuobingWang,0.582805075887734,345,2016-07-02 14:49:33.490,
341798,Ashokkumar,0.582805075887734,346,2016-07-02 18:29:31.110,
324079,daten-kieker,0.582805075887734,347,2016-07-02 20:42:10.337,
333034,89267,0.582805075887734,348,2016-07-02 20:42:23.717,
336673,Ginga,0.58280387534664,349,2016-07-04 15:26:08.120,
335908,neik,0.582803797892372,350,2016-07-06 18:42:18.613,
323321,Rishikesh,0.582787609951153,351,2016-07-02 19:59:51.630,
342288,Namra,0.582787571224021,352,2016-07-02 12:42:09.260,
334779,Jose,0.582785789775928,353,2016-07-06 19:35:30.203,
325336,Janos,0.582781297428607,354,2016-07-01 03:04:33.500,
338482,99339,0.582759261690443,355,2016-07-05 13:18:24.180,
345275,Multa,0.58274961863455,356,2016-07-01 10:29:32.293,
339722,The_DarkLord,0.582743189930619,357,2016-07-01 15:22:50.090,
343595,dbgriffith01,0.582743189930619,358,2016-07-01 16:08:36.727,
333611,Eric Zhang,0.582743189930619,359,2016-07-01 17:00:56.760,
333376,LHY4,0.582647843731345,360,2016-07-04 09:29:58.863,
323453,Anjana Agrawal,0.582641995934391,361,2016-06-30 17:24:44.520,
344765,Draif,0.582641995934391,362,2016-06-30 18:59:32.887,
324347,YalinZhu,0.582641995934391,363,2016-06-30 20:38:25.280,
341960,liwzhi,0.582641995934391,364,2016-06-30 21:59:15.567,
341661,24759,0.582641995934391,365,2016-07-01 07:54:43.997,
338599,Siddharth,0.582641995934391,366,2016-07-01 18:15:41.657,
344566,BCN,0.582625730538905,367,2016-06-30 12:22:01.240,
342197,SGSunil,0.582625730538905,368,2016-07-03 20:18:18.740,
344076,guyoh,0.582625730538905,369,2016-07-05 10:38:57.180,
323428,Persistent Check-in,0.582550135177024,370,2016-07-06 19:12:22.513,
324712,DEVENDRA MITTAL,0.582537316496299,371,2016-07-06 22:00:30.647,
345443,adivns,0.582399873904427,372,2016-06-29 17:41:24.710,
323191,Roboticon 3003,0.582399873904427,373,2016-06-29 18:33:13.410,
345084,96939,0.582399873904427,374,2016-06-29 20:50:49.430,
345491,Nathaniel Shimoni,0.582399873904427,375,2016-06-29 21:15:17.073,
345511,37862,0.582399873904427,376,2016-06-29 22:10:17.903,
323954,Shouvik Dutta,0.582399873904427,377,2016-06-30 06:44:50.927,
343764,Vopani,0.582399873904427,378,2016-07-06 22:12:10.327,
324245,w,0.582373423273193,379,2016-06-29 15:20:50.277,
323481,Praveen Hegde,0.582373423273193,380,2016-06-29 16:45:28.110,
323400,Daggy,0.582373423273193,381,2016-06-29 16:45:44.460,
345325,dileep,0.582338491400029,382,2016-06-29 11:51:22.150,
342090,SDCS_Huangyl,0.582338491400029,383,2016-06-29 13:39:35.007,
335621,BBM,0.582338491400029,384,2016-06-29 15:11:06.150,
344504,Franck My,0.582321064190577,385,2016-06-29 07:25:48.210,
345195,Victor S D,0.5822388464891,386,2016-06-29 04:44:03.477,
344107,SDCS_AliXue,0.582196711369352,387,2016-06-30 04:44:26.157,
340009,CanhTran,0.582150316265083,388,2016-06-29 01:56:38.287,
323479,phil1985,0.582150316265083,389,2016-06-29 06:20:06.030,
328046,datascientist,0.582150316265083,390,2016-06-29 14:31:40.900,
345477,Spooky,0.582150316265083,391,2016-06-29 20:18:41.427,
324259,SleeperMoNKeY,0.582150316265083,392,2016-06-30 11:02:24.863,
342300,yimmon,0.582150316265083,393,2016-06-30 16:21:42.137,
336126,Balaji N,0.582150316265083,394,2016-07-01 04:20:06.933,
343200,magzhan,0.582150316265083,395,2016-07-01 15:35:44.547,
325682,Krishna Chaitanya S,0.582150316265083,396,2016-07-02 03:25:54.913,
340525,Nguyen Khanh,0.582150316265083,397,2016-07-03 22:55:16.970,
335764,Andre Simpelo,0.582150316265083,398,2016-07-05 15:14:43.233,
344884,Thinker,0.582150316265083,399,2016-07-06 20:45:37.660,
336297,SawyerHood,0.582031849967961,400,2016-06-12 13:21:35.473,
345485,thomasjpfan,0.581807464964481,401,2016-06-29 20:43:25.300,
340333,zelig,0.581665026572573,402,2016-07-04 16:48:48.000,
323792,kane,0.58164423010263,403,2016-07-03 11:06:54.027,
323421,Leo-wei,0.581643920285572,404,2016-06-28 16:00:43.770,
345055,VShets,0.581643920285572,405,2016-06-28 16:29:30.570,
345063,rcarson,0.581643920285572,406,2016-06-28 16:56:39.310,
344733,RajatKumar,0.581643920285572,407,2016-06-28 17:30:09.043,
331485,Prakash PVSS,0.581643920285572,408,2016-06-29 04:39:54.613,
345347,samy khelifi richards,0.581643920285572,409,2016-06-29 13:30:31.267,
330038,SDCS_linmaog,0.581638227397152,410,2016-06-28 17:28:32.477,
343885,sdcsXYX,0.581637143037452,411,2016-06-28 17:49:51.200,
344979,Savioz,0.581611118404671,412,2016-06-28 12:11:04.400,
324626,65318,0.581611118404671,413,2016-06-28 15:22:35.047,
345127,瑶 李,0.581611118404671,414,2016-06-28 22:01:49.530,
323572,amyaramine,0.581610034044974,415,2016-06-27 13:47:37.780,
331395,Mihir,0.581610034044974,416,2016-06-28 07:19:03.430,
345126,Shulgin,0.581606471148823,417,2016-06-28 22:14:22.963,
343000,25965,0.581600236080549,418,2016-06-27 21:38:25.517,
325055,pasqui,0.581600236080549,419,2016-06-28 11:14:08.530,
331663,Varun,0.581550704078574,420,2016-06-27 12:54:33.100,
327637,Fdemir,0.581550704078574,421,2016-06-27 13:18:20.640,
344650,Yuri Kemaev,0.581529597791575,422,2016-06-28 07:20:04.157,
337358,cdjb,0.581483241414431,423,2016-07-05 11:53:18.997,
331098,GBaquiast,0.581476193076389,424,2016-06-23 07:29:17.110,
325154,98692,0.581474063084125,425,2016-06-25 02:44:53.887,
325670,Amit Choudhary,0.58141918673792,426,2016-06-27 07:56:21.940,
344467,Comeback,0.581415933658818,427,2016-06-27 00:32:28.397,
325770,38804,0.581415933658818,428,2016-06-27 04:25:29.690,
333170,bbqhamster,0.581415933658818,429,2016-06-28 21:25:02.327,
324892,﻿yrevar,0.581411867309951,430,2016-06-28 22:43:38.280,
344320,21106,0.581376199621271,431,2016-06-27 06:09:04.633,
336057,lhohoz,0.581375967258483,432,2016-06-30 07:59:33.740,
343903,Bruno16,0.581328023068927,433,2016-06-24 19:16:08.223,
343518,64623,0.581328023068927,434,2016-06-25 11:59:29.030,
344089,СергейВасильев,0.581328023068927,435,2016-06-25 16:51:18.580,
344179,apatian,0.581328023068927,436,2016-06-25 20:38:11.803,
344195,IvanSosnovik,0.581328023068927,437,2016-06-25 21:42:55.140,
340925,sdcs_cxy,0.581328023068927,438,2016-06-26 02:46:39.637,
338826,Hye Jin Jang,0.581328023068927,439,2016-06-26 03:25:04.770,
344332,CS,0.581328023068927,440,2016-06-26 11:55:59.517,
340909,ravenrevolver,0.581302850433045,441,2016-06-22 22:40:56.843,
342293,NULL,0.581029398153198,442,2016-06-24 12:32:01.470,
337938,Döme Geszler,0.581029398153198,443,2016-06-26 08:26:00.027,
323576,MarekKowalski,0.580939125208235,444,2016-06-20 05:24:11.987,
345124,mc07,0.580680427965733,445,2016-07-06 20:24:32.067,
341733,yglSmith,0.580574160715209,446,2016-06-22 16:03:29.967,
342380,Kuzmin Denis,0.580574160715209,447,2016-06-22 18:29:33.787,
338158,SergF,0.580574160715209,448,2016-06-22 19:49:34.730,
342075,sdcs_jerry,0.580574160715209,449,2016-06-23 07:28:47.057,
343537,Tim Sachs,0.580574160715209,450,2016-06-23 16:09:10.247,
333387,Reneboy P. Aguinaldo,0.580574160715209,451,2016-06-24 09:15:01.110,
342753,Seongeun  So,0.580574160715209,452,2016-06-24 12:39:16.580,
327428,37266,0.580574160715209,453,2016-06-25 06:02:27.933,
344039,Bogdan Melnik,0.580574160715209,454,2016-06-25 09:31:31.107,
345319,Sujeeth S,0.580574160715209,455,2016-06-29 13:45:48.153,
344964,IgorVaz,0.580568506553922,456,2016-07-05 14:36:36.300,
342688,sdcsChenzhenhao,0.580548058628164,457,2016-06-23 14:18:02.630,
344331,rokh,0.58043726030318,458,2016-06-26 16:01:46.677,
339915,Prerit Anwekar 2,0.580432496865936,459,2016-06-21 15:13:21.580,
324204,JonathanSlomka,0.580432496865936,460,2016-06-22 06:45:06.840,
340309,__HumanBeing__,0.580432496865936,461,2016-06-22 07:28:17.330,
342926,Brian Bai,0.580290910470931,462,2016-06-22 05:52:18.080,
342385,i-aki.y,0.579998326987822,463,2016-06-20 13:37:52.330,
342005,Rishab Gargeya,0.579994725364532,464,2016-06-20 03:51:48.920,
334001,Changani Jagdish G,0.579994725364532,465,2016-06-20 07:41:13.160,
331524,AndreSe,0.579994725364532,466,2016-06-20 09:53:58.687,
342426,Abrakadabra,0.579994725364532,467,2016-06-20 13:56:35.303,
341378,pengpeng,0.579773632167306,468,2016-06-21 16:39:23.110,
342165,Philipp.Sinitsyn,0.579773632167306,469,2016-06-21 23:25:30.783,
342959,AndyChu,0.579773632167306,470,2016-06-22 21:44:12.697,
325374,kaustubhmani,0.579773632167306,471,2016-06-28 13:03:25.503,
338763,Shiki,0.579639210291734,472,2016-06-30 08:14:46.380,
343507,PaulKochetkoff,0.579572948168684,473,2016-06-27 22:37:55.750,
338517,light0,0.579299612070236,474,2016-07-04 06:56:45.503,
325076,jlas,0.579205892410524,475,2016-06-19 23:36:31.090,
332555,ljubarskij,0.579053927144105,476,2016-06-19 20:30:44.770,
336846,Nan Wang,0.578744458631386,477,2016-07-02 02:09:05.323,
344414,95117,0.578613251107796,478,2016-07-02 00:29:11.463,
326682,해현용,0.578483786305137,479,2016-06-19 19:30:21.800,
338503,44407,0.578261492566804,480,2016-06-18 12:22:01.523,
330987,Khaled Fayed,0.578261492566804,481,2016-06-18 13:08:33.797,
323512,Niranjan Singh,0.578261492566804,482,2016-06-18 19:14:17.707,
338301,Jong-Yeol Yang,0.577997179890134,483,2016-06-19 14:22:17.767,
341635,60605,0.577634965023482,484,2016-06-18 08:31:58.283,
334643,Gohm,0.577634965023482,485,2016-06-29 00:47:02.570,
345059,sdcs_cyt,0.577634965023482,486,2016-07-03 09:22:23.803,
340964,sergeevii123,0.577621565435769,487,2016-06-22 11:57:04.760,
332701,dmitrdv,0.577592365178153,488,2016-07-01 18:26:13.400,
345071,Mohit Khatri,0.577457749666929,489,2016-06-29 19:28:35.613,
341891,!link,0.57740287332072,490,2016-06-19 17:10:40.117,
323929,HelloThere,0.577100453146045,491,2016-06-17 01:52:39.647,
345051,Raj ,0.57707063325433,492,2016-07-06 15:57:28.797,
323664,Hongbin Shi,0.577023308698895,493,2016-07-06 14:22:02.430,
324458,62742,0.577016299087948,494,2016-05-28 02:37:39.433,
343058,sdcs_zrh,0.576833971749991,495,2016-06-29 14:48:25.407,
345027,papadox,0.576766470358709,496,2016-07-03 10:24:44.770,
324675,Adarsh Chavakula,0.576763759459467,497,2016-07-04 19:00:21.320,
340072,Leibo Liu,0.576637741371554,498,2016-07-02 00:16:20.220,
334050,TheUnicornDistribution,0.576348062423363,499,2016-06-21 14:17:00.650,
342383,Alex Staravoitau,0.576078560310994,500,2016-06-24 16:50:43.993,
342064,shappy,0.575589707722323,501,2016-06-28 09:36:45.537,
343967,Chee Hau,0.574892541889999,502,2016-06-28 16:55:17.090,
340111,Yury  Dzerin,0.57488754608998,503,2016-06-22 14:27:42.373,
326596,Dimitris Leventis,0.574788056087581,504,2016-06-22 11:11:05.670,
340808,simonm3,0.574416624163477,505,2016-07-05 07:25:22.000,
339278,55149,0.574399119499763,506,2016-07-05 18:10:25.173,
335218,kubilai,0.574050033130895,507,2016-07-01 12:55:16.237,
339384,Andrey Bogomolov,0.57358162846798,508,2016-06-13 10:40:42.073,
341614,SourabhMittal,0.573520904324834,509,2016-07-05 03:57:35.540,
343677,wjywbs,0.573490968251709,510,2016-06-24 20:42:16.640,
343591,nikroy16,0.573475012673257,511,2016-06-24 02:52:03.390,
334780,satojkovic,0.573197261681751,512,2016-07-05 13:57:52.480,
326011,square7,0.573065279615504,513,2016-05-18 00:22:49.700,
341944,display,0.572925590849972,514,2016-06-19 03:27:46.627,
341654,sdcs15214234,0.572785863357303,515,2016-06-28 17:31:41.533,
334782,Ionstine,0.572585644084289,516,2016-06-30 18:07:55.703,
334420,Abhishek Kadian,0.572368927052995,517,2016-06-18 07:45:40.437,
340774,sdcs_gee,0.571880035737187,518,2016-06-26 07:41:38.287,
341764,yepyxc,0.571858271088938,519,2016-06-19 09:10:39.383,
341061,Hai Lin,0.571790150063553,520,2016-06-16 22:23:00.460,
341503,hayim lusthaus,0.571650383843749,521,2016-06-17 21:11:27.473,
341178,Pradeep Kumar Mahato,0.571634544446713,522,2016-06-17 06:52:22.747,
341365,André Muta,0.571634544446713,523,2016-06-17 17:42:16.847,
341591,Drendar,0.571634544446713,524,2016-06-18 01:31:27.630,
344197,Jianping Liu,0.571501052022316,525,2016-06-27 05:16:52.733,
326009,jalalldn,0.571494390955617,526,2016-06-02 17:20:16.100,
341303,Abhinav Sharma ,0.571493422777296,527,2016-06-29 12:19:38.883,
329767,AMDOUNIRaouf,0.571437926796976,528,2016-06-18 10:41:07.263,
328385,GeneDerSu,0.571407448544009,529,2016-06-16 20:01:42.830,
340836,Overfit,0.571326199020835,530,2016-06-19 14:49:43.667,
342865,SylvesterChiang,0.571256374001633,531,2016-06-21 19:00:40.807,
323283,pagpires,0.571256374001633,532,2016-06-21 19:44:40.120,
334341,GuoxinLi,0.571256374001633,533,2016-06-23 19:23:40.300,
344062,Rabi Panda,0.571256374001633,534,2016-06-25 12:19:33.860,
341053,Rory,0.571256374001633,535,2016-06-29 19:00:59.550,
323369,Hyun ,0.571256374001633,536,2016-07-05 14:13:04.943,
329822,Manasi Mehrotra,0.571256374001633,537,2016-07-06 15:01:22.490,
328607,Kok Meng Tan,0.57089435277064,538,2016-06-03 06:27:27.913,
336084,Chen Chen,0.57077882973552,539,2016-07-05 08:42:42.617,
325222,OrganicOrigin,0.570563313245311,540,2016-07-01 08:51:43.300,
324211,danielspringt,0.570511457615434,541,2016-06-15 10:05:06.987,
326142,caiomsouza,0.570511457615434,542,2016-06-15 11:32:06.730,
325490,Tian Wang,0.570511457615434,543,2016-06-15 17:51:02.777,
333403,Fabienvs,0.570511457615434,544,2016-06-15 22:09:23.060,
340760,degree of belief,0.570511457615434,545,2016-06-16 04:20:12.973,
323885,Han-Zhou Wu,0.570246873848821,546,2016-07-03 00:49:48.280,
344841,IndrajitRajtilak,0.5701750737459,547,2016-07-06 11:25:53.827,
341214,ashok kumawat,0.570160860888408,548,2016-06-17 08:51:54.697,
339667,Sadegh,0.569863281605256,549,2016-06-13 19:07:31.343,
338658,Aidar.Gilazhev,0.569863281605256,550,2016-06-13 22:12:00.660,
339886,geekdad,0.569863281605256,551,2016-06-14 03:00:32.303,
339911,kaukau,0.569863281605256,552,2016-06-14 04:32:04.803,
339776,krishna 2,0.569856310721476,553,2016-06-13 22:09:00.520,
340600,azneye,0.569661551974084,554,2016-06-15 17:11:23.493,
340860,Zohaib Jan,0.569661551974084,555,2016-06-16 10:32:45.957,
328129,RohinArora,0.569661551974084,556,2016-06-16 23:56:06.273,
341314,14264,0.569485498431487,557,2016-06-22 18:44:00.217,
329533,Nihil,0.56929984056015,558,2016-07-06 16:11:22.237,
342036,sdcs_qingya,0.569290352412775,559,2016-06-30 12:24:57.057,
325946,jetblack,0.569244693124014,560,2016-06-03 09:52:47.413,
339920,Kevin Kirchhoff,0.569051832006089,561,2016-06-14 04:49:52.707,
342238,yutasaito,0.568978792634905,562,2016-06-24 15:10:57.773,
340160,cgratie,0.568933288254697,563,2016-06-17 12:26:46.090,
323288,GuoLi,0.56888143262479,564,2016-06-30 15:14:41.940,
338452,Ares,0.568756421442336,565,2016-06-17 02:20:20.753,
327722,61219,0.568708787069813,566,2016-07-04 21:50:48.397,
338972,猪股理紗子,0.568604688538706,567,2016-06-25 10:00:07.663,
344994,Amit C,0.568558641978636,568,2016-06-28 15:34:57.463,
332838,Alex Chekunkov,0.568530990806305,569,2016-06-08 09:35:14.140,
341338,cartouche,0.568495168209101,570,2016-06-24 17:37:58.877,
340051,51457,0.568375462643732,571,2016-06-14 13:11:15.147,
324483,SteveKane,0.568366477949093,572,2016-06-15 21:00:36.910,
344418,vikikrishna,0.568263928503239,573,2016-06-26 19:09:47.410,
337226,Aymeric,0.568244448755808,574,2016-06-20 08:47:56.593,
337759,11152,0.567982885705495,575,2016-07-02 00:38:01.250,
345247,SDCS_HYL,0.567947605288144,576,2016-06-30 12:35:12.040,
342993,高澤良輔,0.56791224741652,577,2016-06-30 13:47:36.147,
337633,Li-Wei Yang,0.567896020748168,578,2016-06-11 05:06:25.150,
338373,pmill,0.567896020748168,579,2016-06-11 11:28:49.427,
338574,Rio de janeiro,0.567896020748168,580,2016-06-12 01:46:11.607,
338957,Kai,0.567896020748168,581,2016-06-12 18:47:28.663,
331948,NikhilM,0.567896020748168,582,2016-06-20 11:30:23.270,
338990,weiwei,0.567483576791158,583,2016-06-12 15:41:16.490,
342013,Bibby,0.567458559063825,584,2016-06-19 08:05:46.953,
344275,ArthurLu,0.567287772411207,585,2016-06-26 07:49:11.683,
345240,62186,0.567280491710363,586,2016-07-01 10:25:02.137,
338886,61448,0.56726802157383,587,2016-06-12 15:32:24.070,
338236,Shumpei Honjo,0.567260276147401,588,2016-06-30 12:39:52.463,
343593,Sergei Pashin,0.567254505804731,589,2016-06-23 22:57:38.957,
323543,Michael Campos,0.567214423222986,590,2016-06-13 23:16:41.633,
342602,ydalal,0.567214423222986,591,2016-06-20 23:59:17.497,
341900,Phil,0.567214423222986,592,2016-06-26 21:28:02.143,
345416,antronshao,0.567212409412112,593,2016-06-29 16:30:51.017,
336225,Maxime.Matheron,0.567152459811604,594,2016-06-08 21:03:56.970,
339370,Dennis,0.567152459811604,595,2016-06-13 09:19:15.090,
337070,MelvinDunn,0.567137085140146,596,2016-06-09 01:21:32.167,
323995,BlizzardSnowball,0.567137085140146,597,2016-06-09 21:06:17.117,
328214,Juan Luis,0.567137085140146,598,2016-06-09 23:03:54.487,
337905,spider24,0.567137085140146,599,2016-06-10 12:53:30.767,
329713,foolius,0.567137085140146,600,2016-06-10 13:12:00.507,
325963,FishNCat,0.567137085140146,601,2016-06-11 08:00:49.303,
337208,Saif,0.567137085140146,602,2016-06-11 10:40:50.210,
338426,Viacheslav Dubrov,0.567137085140146,603,2016-06-11 13:50:50.847,
325480,Vijay,0.567137085140146,604,2016-06-11 17:21:51.553,
338662,xuyaocareer,0.567137085140146,605,2016-06-11 23:47:05.270,
338986,ameicler,0.567137085140146,606,2016-06-12 21:39:55.250,
339283,ChiragBhatia,0.567137085140146,607,2016-06-13 06:20:28.073,
339884,Shotaro Sano,0.567137085140146,608,2016-06-14 12:28:30.543,
336842,YupengGao,0.567137085140146,609,2016-06-14 18:15:45.733,
335080,Pipeno,0.567137085140146,610,2016-06-14 21:16:06.900,
325772,Hongliang Ma,0.567137085140146,611,2016-06-15 05:50:51.487,
340288,zhenjuan,0.567137085140146,612,2016-06-17 02:56:34.990,
341800,RobTreichler,0.567137085140146,613,2016-06-18 14:19:49.257,
339571,y_watanabe,0.567137085140146,614,2016-06-19 23:57:51.267,
335537,ChandraShekar,0.567137085140146,615,2016-06-21 12:37:06.837,
343292,jochris,0.567137085140146,616,2016-06-22 23:18:17.647,
342619,LIANG-HSINGCHUANG,0.567137085140146,617,2016-06-23 04:38:59.710,
343694,DrorAsaf,0.567137085140146,618,2016-06-24 04:44:53.413,
325013,Splits,0.567137085140146,619,2016-06-25 16:02:32.350,
324550,yuancongde,0.567137085140146,620,2016-06-26 05:35:17.370,
344422,付雨帆,0.567137085140146,621,2016-06-26 19:33:39.977,
344902,Dmitry Kaplin,0.567137085140146,622,2016-06-28 08:13:35.350,
345016,elwinwang1993,0.567137085140146,623,2016-06-28 15:05:42.950,
345153,Tamoghna,0.567137085140146,624,2016-06-29 00:50:09.353,
340506,Francois,0.567137085140146,625,2016-06-29 04:11:18.177,
345255,Parwez,0.567137085140146,626,2016-06-29 08:42:33.823,
345370,Sundong Kim,0.567137085140146,627,2016-06-29 13:52:12.567,
345381,rg7da,0.567137085140146,628,2016-06-29 14:07:17.900,
345487,37057,0.567137085140146,629,2016-06-29 21:07:48.917,
340931,36644,0.567137085140146,630,2016-06-30 12:46:36.860,
345451,composersyf,0.567137085140146,631,2016-07-03 17:51:03.620,
340704,G2Big,0.567137085140146,632,2016-07-05 20:23:27.240,
342120,11127,0.56688419696745,633,2016-07-02 00:44:25.703,
327757,Sabareesh Subramaniam,0.56663266424438,634,2016-06-16 08:23:31.503,
334747,47880,0.566627823352872,635,2016-07-05 21:04:53.973,
344833,fanny,0.566592504208366,636,2016-06-28 16:51:04.937,
333784,Khanh,0.56563118060792,637,2016-06-22 14:38:48.140,
345251,Ammara,0.565410513409169,638,2016-07-03 09:50:53.463,
339245,@AKS,0.564751803619056,639,2016-06-13 05:36:02.360,
344700,Bruceg,0.564350706711731,640,2016-06-30 02:08:52.113,
345527,89905,0.564225037168031,641,2016-07-05 07:03:06.083,
335618,48772,0.563977764429477,642,2016-06-08 01:44:20.310,
327749,ben07824,0.561988390379955,643,2016-06-01 23:14:20.400,
342159,jtbor,0.561476843691871,644,2016-07-06 23:33:16.217,
330207,makrinari,0.561141737817719,645,2016-06-23 07:24:38.330,
334174,Alexander Ponomarev,0.560947443795901,646,2016-07-02 14:33:01.343,
337408,Juan Carlos,0.56065404704301,647,2016-07-06 23:31:08.910,
343275,Kernel Mustard,0.560648392881714,648,2016-06-23 07:15:05.043,
323220,Giorgi Guliashvili,0.560334006023186,649,2016-05-17 05:17:57.173,
344288,James Allen,0.560032360391196,650,2016-06-29 13:38:13.617,
341686,Atlanta,0.559757823751694,651,2016-06-27 01:56:41.843,
332296,Minerito,0.559234000562668,652,2016-06-11 08:49:18.317,
337068,jzking,0.559188767272364,653,2016-07-06 23:21:53.867,
323640,Peatle,0.558979718213212,654,2016-05-16 12:18:30.360,
332853,puyokw,0.558030245115132,655,2016-07-05 13:33:16.380,
330220,Michael Hernandez,0.557986134911721,656,2016-06-13 16:29:14.767,
327532,Shrmtv,0.557309843003588,657,2016-06-14 07:04:33.697,
329388,BenediktSchifferer,0.557157839010085,658,2016-06-15 19:17:38.907,
327229,André Costa,0.556899955037289,659,2016-06-14 00:41:38.123,
323228,Artem Lantsev,0.556415207524729,660,2016-06-11 16:40:32.390,
326526,JAR1986,0.556111354446093,661,2016-06-03 12:48:48.520,
327554,Nikola Stojiljkovic,0.555630750736579,662,2016-05-23 18:13:48.903,
343183,43978,0.555032184182651,663,2016-06-24 23:45:50.900,
339570,Seby,0.554822283126526,664,2016-06-23 21:00:23.160,
339208,mamopublic,0.554617571506235,665,2016-06-14 21:39:51.230,
324486,macsdev,0.553919553677003,666,2016-06-16 04:33:20.957,
325597,Randy,0.553716933321852,667,2016-07-01 18:33:37.273,
337574,Jiming Ye,0.553288030333667,668,2016-06-10 17:47:49.390,
345150,bryan 3,0.552539396142797,669,2016-07-06 23:28:18.163,
324234,StrongAI,0.552128385089676,670,2016-05-31 04:36:04.850,
325384,alterloki,0.551709706064379,671,2016-05-23 06:10:37.657,
333258,zpanj,0.550957431523087,672,2016-07-05 02:18:05.090,
345043,natbel4ml,0.550817510394849,673,2016-07-06 23:44:13.887,
326955,ShengHsuanLin,0.550383417970878,674,2016-05-30 21:11:24.680,
330944,aialenti,0.550036577775729,675,2016-07-01 18:09:38.073,
335331,Yutern,0.549803479167502,676,2016-07-04 15:52:49.270,
335294,72954,0.549619099291495,677,2016-06-11 13:51:52.347,
337099,raingstar,0.548750294809771,678,2016-07-05 01:35:36.507,
342700,WCT Lee,0.548435559406965,679,2016-07-01 14:40:49.330,
332617,Panagis,0.548001583164605,680,2016-06-11 05:10:45.307,
345466,ivesn,0.547530119058168,681,2016-07-06 06:49:25.380,
328837,shimo_t,0.547154272241077,682,2016-07-04 20:10:08.107,
323986,Devin,0.547033792133041,683,2016-05-20 04:20:29.767,
336495,Yijun Zhang,0.546674636709839,684,2016-07-05 05:21:27.563,
345081,amf272,0.546384841580242,685,2016-06-28 23:37:01.580,
335403,MathandBikes,0.5447940084473,686,2016-06-06 22:25:34.150,
324748,( ͡° ͜ʖ ͡°),0.544628178867531,687,2016-05-17 05:40:50.980,
330203,SHZ ASPR PR95,0.544017955446862,688,2016-07-05 09:13:37.030,
344492,Tilan Ukwatta,0.543445568434214,689,2016-07-02 05:36:04.407,
344790,Someperson53,0.543269785981533,690,2016-06-27 22:28:26.370,
323198,Florian,0.542332085931687,691,2016-05-14 17:57:05.280,
344517,Zhenqi,0.541997406056316,692,2016-07-02 00:18:17.887,
323451,GaGa,0.540727930665361,693,2016-06-16 06:14:12.753,
341124,Dheeraj,0.537724215571441,694,2016-07-06 09:46:25.303,
332675,Laggle,0.537668680863966,695,2016-06-08 00:22:26.263,
323922,Tinarg,0.536489284782547,696,2016-06-17 06:50:26.203,
329128,ahamm,0.535936648607309,697,2016-07-03 19:38:50.740,
335800,Rahul Jain,0.535800677646533,698,2016-06-14 04:20:36.377,
329971,arnaud demytt,0.535233208979616,699,2016-05-26 08:28:31.567,
338676,kostadinov[mkd],0.534402589450052,700,2016-06-16 08:20:53.980,
335785,Themko,0.533961448688256,701,2016-06-23 11:45:05.127,
329617,crankydude,0.53275296853065,702,2016-05-27 05:28:41.960,
343261,Botond Egri,0.530557488684656,703,2016-06-23 04:55:51.700,
327145,Pietro Pinoli,0.530463149390136,704,2016-06-15 16:48:33.627,
325942,millisecond,0.52911238574933,705,2016-05-29 21:01:56.740,
340904,BilginErsoy,0.528973626434695,706,2016-06-23 17:23:37.800,
345134,Simagin Denis,0.528950428882709,707,2016-07-05 13:46:54.213,
343758,Pibiflex,0.528648357252092,708,2016-06-25 17:43:36.073,
342942,Jeong,0.527282993482484,709,2016-07-06 14:22:24.783,
342211,rhnil,0.525406625204436,710,2016-07-06 03:09:55.590,
345187,hayashi,0.525343306343254,711,2016-07-06 07:35:47.540,
337488,Hattie,0.52510013868133,712,2016-06-09 23:48:21.170,
325320,The Lizard People Committee on Technological Transfer To Humans,0.524675108405979,713,2016-05-24 20:20:43.097,
326422,VladM,0.522643599236684,714,2016-06-09 06:35:41.523,
337533,saikumar allaka,0.521104350643618,715,2016-06-27 05:27:41.247,
343856,ImplicitKnowledge,0.521032434359418,716,2016-06-28 15:27:26.033,
345312,VadimNikulin,0.520392778317959,717,2016-07-06 22:48:01.260,
343670,Shaswata Jash,0.520217305682403,718,2016-07-05 08:05:42.163,
329072,nobits,0.520127071464665,719,2016-06-01 21:50:26.550,
326126,15621,0.518658809704914,720,2016-05-18 22:45:20.083,
324621,Harsh Saini,0.517277955082108,721,2016-07-03 22:43:56.883,
324858,Bryan 2,0.517072585100628,722,2016-06-19 18:46:47.617,
342170,PAvel Rodionov,0.515856669333779,723,2016-06-25 06:41:46.813,
333599,Akila de Silva,0.515725539264533,724,2016-06-08 19:55:55.203,
328472,Paul Mongkud,0.513041826463115,725,2016-06-26 08:53:26.790,
340182,wwc23,0.511702254963803,726,2016-06-28 17:03:53.763,
324556,YazhiGao,0.510927944683851,727,2016-06-06 14:31:38.253,
336130,LiYan,0.510927944683851,728,2016-06-07 09:37:03.990,
332562,Sharon,0.510927944683851,729,2016-06-08 03:57:04.110,
333373,Seph1201,0.510927944683851,730,2016-06-08 15:19:20.143,
324974,PreritSaxena,0.510927944683851,731,2016-06-13 06:25:39.253,
328101,Yoshitake Yamamoto,0.510927751048191,732,2016-06-01 13:41:45.440,
333844,Obel,0.510927751048191,733,2016-06-02 05:46:08.840,
323980,18760,0.510927751048191,734,2016-06-02 19:20:55.790,
325511,==>(AL)<==,0.510927751048191,735,2016-06-04 00:17:11.353,
334892,Radhakrishnan Guhan,0.510927751048191,736,2016-06-04 10:28:53.200,
334905,Luciferase,0.510927751048191,737,2016-06-04 10:51:14.120,
324945,Geeko,0.510927751048191,738,2016-06-04 11:08:24.260,
326748,MathiasLongo,0.510927751048191,739,2016-06-05 20:21:48.637,
329739,SindyTsang,0.510927751048191,740,2016-06-07 09:03:22.263,
324227,Rodrigo Salas,0.510109485473722,741,2016-05-26 14:11:55.640,
330908,22280,0.510109485473722,742,2016-05-27 08:38:27.830,
331299,80174,0.510109485473722,743,2016-05-28 07:15:56.020,
328384,yuebanguo,0.510109485473722,744,2016-05-31 04:28:37.610,
326701,Diego García,0.510109485473722,745,2016-05-31 13:48:53.207,
333448,Vlad Balanda,0.509914533090678,746,2016-06-01 11:20:46.680,
330033,Marcelo Fornet,0.509905548396284,747,2016-06-03 18:30:14.420,
332882,KartikGupta,0.509513087639241,748,2016-06-10 12:04:19.440,
339502,67315,0.508934736648091,749,2016-07-03 15:57:36.930,
340632,MisterRuss,0.508272386507669,750,2016-06-22 03:04:37.463,
327107,RobRob,0.508045794057617,751,2016-06-17 15:40:23.687,
328130,superman,0.507099186767493,752,2016-05-30 09:37:29.390,
335930,ceegee,0.506443187876016,753,2016-07-06 23:57:06.503,
344861,Trung Tri,0.506363293803276,754,2016-07-02 08:12:12.657,
323777,Liam Bressler,0.506171323409268,755,2016-05-18 00:56:18.033,
331920,MLWizard,0.505711671077984,756,2016-05-29 15:59:28.657,
332293,matefh,0.505643201508585,757,2016-06-14 08:01:44.113,
332573,sproctor,0.505540342245716,758,2016-06-06 12:23:19.153,
323699,Saba,0.505513543070138,759,2016-05-23 16:55:51.803,
328414,Shobhit Sachdeva,0.505513543070138,760,2016-05-23 21:52:06.663,
328700,Roman Dunin,0.505513543070138,761,2016-05-24 11:19:00.430,
331532,NathanEsau,0.505371917947968,762,2016-05-28 18:25:17.347,
331728,Pramod Patil,0.505371917947968,763,2016-05-29 08:25:01.913,
332852,Himanshu Sharma,0.505371917947968,764,2016-05-31 08:49:39.657,
333544,MilapShah,0.505371917947968,765,2016-06-01 14:21:30.397,
323978,anu_analytics,0.505371917947968,766,2016-06-01 14:32:43.497,
333561,Yi Zhang,0.505371917947968,767,2016-06-01 14:46:23.057,
335710,Manglam ,0.505371917947968,768,2016-06-06 12:10:33.933,
334568,sourish,0.505371917947968,769,2016-06-07 05:56:30.170,
337166,Yashas Bharadwaj,0.505371917947968,770,2016-06-09 04:43:49.680,
344851,Shashank,0.505371917947968,771,2016-06-28 04:28:18.300,
340961,NimitPatel,0.505371917947968,772,2016-07-05 20:00:13.333,
323224,isrish,0.505300117845057,773,2016-05-19 19:17:37.807,
325227,VadimMalykh,0.505255388007492,774,2016-06-03 05:56:46.717,
323201,VSSKANAND,0.505238696613529,775,2016-05-21 23:23:32.547,
326471,Ryan McCaffrey,0.505219642864547,776,2016-05-19 03:01:11.573,
326169,Wes,0.505219642864547,777,2016-05-19 06:06:25.260,
326834,ScottJohnston,0.505219642864547,778,2016-05-19 20:17:55.610,
326004,richarddeng88,0.505206398185348,779,2016-05-17 23:44:41.033,
326088,Gaurav Dixit,0.505206398185348,780,2016-05-18 05:44:12.793,
325328,AyushKesarwani,0.505206398185348,781,2016-05-18 10:07:02.430,
326177,xiaoML,0.505206398185348,782,2016-05-18 11:17:23.370,
326427,Tetsuro Tayama,0.505206398185348,783,2016-05-18 22:10:49.260,
323539,potter xu,0.505206398185348,784,2016-05-19 02:34:35.277,
326641,Matthew Ryabinin,0.505206398185348,785,2016-05-19 12:13:04.123,
326938,Bonferroni27,0.505206398185348,786,2016-05-20 01:21:10.277,
324215,acer,0.505206398185348,787,2016-05-20 14:55:38.137,
327400,Ujwal Kovuri,0.505206398185348,788,2016-05-21 04:23:39.217,
325966,Johnny Cheescutter,0.505190287698385,789,2016-05-17 21:26:34.943,
330644,S Guan,0.505026743019464,790,2016-06-01 16:12:03.397,
328634,Ashutosh Jha,0.50468726097931,791,2016-05-24 08:29:50.120,
325494,Dan Dixey,0.504292670230258,792,2016-05-18 14:33:01.200,
325414,Thai-An Nguyen,0.504292670230258,793,2016-06-16 14:47:02.583,
337638,Marie Douriez,0.504015693781521,794,2016-06-14 18:54:09.903,
325793,Daniël Heres,0.50362520810829,795,2016-05-20 12:08:29.883,
326400,skroth,0.50362520810829,796,2016-05-23 10:54:19.110,
328806,Stylianos Kampakis,0.50362520810829,797,2016-05-24 15:00:13.517,
335496,SYNG,0.50362520810829,798,2016-06-23 03:24:22.567,
327241,20071,0.503095382214018,799,2016-05-21 00:04:37.463,
323987,thecatwithfuturefeet,0.502735878246451,800,2016-05-17 19:29:59.000,
326976,magenta,0.502110086518682,801,2016-05-25 17:03:54.903,
330444,Picarus,0.501096868561291,802,2016-06-28 21:44:15.683,
323555,Marc Puig,0.500257070701249,803,2016-05-24 18:35:41.893,
335447,Codiply,0.500141237849061,804,2016-06-06 20:46:30.217,
342205,Jonathan Jara-Almonte,0.500002439807712,805,2016-06-24 14:36:47.280,
324844,dreamer,0.499416730661295,806,2016-05-17 23:41:06.230,
333723,IAsIam,0.499306164699293,807,2016-07-02 11:24:10.973,
330995,Carlos A. del Álamo Alonso,0.498791674749262,808,2016-06-21 13:29:58.030,
325314,DavidA,0.495254106140951,809,2016-07-05 03:41:39.573,
324103,Akila Wajirasena,0.495193730540404,810,2016-05-17 15:49:21.433,
324147,abdesshamm,0.493577337500208,811,2016-05-17 14:54:08.420,
334219,RamirezAmayaS,0.493352991223881,812,2016-06-19 22:58:56.447,
325484,youngwolf,0.492967694986545,813,2016-05-16 17:52:35.950,
325542,Tina,0.492967694986545,814,2016-05-16 20:24:53.360,
330198,Junwei Pan,0.492180875843912,815,2016-06-09 21:17:44.153,
338721,pastmaster,0.492180875843912,816,2016-06-16 10:48:41.490,
344849,19242,0.492180875843912,817,2016-07-06 02:00:44.253,
328620,Jordan Goblet,0.492027284037514,818,2016-06-03 10:50:21.947,
324240,dingqi yang,0.491916098441163,819,2016-05-13 15:10:51.410,
324886,ShijieJiang,0.490454497748059,820,2016-05-16 01:55:10.610,
325297,SaraMeftah,0.490454497748059,821,2016-05-16 08:30:30.427,
325334,Akulov Yaroslav,0.490454497748059,822,2016-05-16 14:04:24.887,
325086,Саша,0.490454497748059,823,2016-05-16 14:05:53.727,
323782,vrajs5,0.489590766520533,824,2016-05-17 05:56:00.523,
324998,qichaotang,0.489590301794948,825,2016-05-15 12:54:31.517,
324374,Jouni Huopana,0.489590301794948,826,2016-05-16 03:52:06.287,
340952,jtorres,0.489512537713649,827,2016-07-05 19:36:23.770,
323768,Naoki Shibuya,0.489381949824157,828,2016-05-22 13:10:15.657,
325613,apatnaik22,0.489254576286667,829,2016-05-17 00:57:34.477,
324965,hitheone,0.489254576286667,830,2016-05-17 14:48:45.483,
325925,vivek yadav,0.489254576286667,831,2016-05-17 18:44:13.077,
330281,lyHunter,0.489254576286667,832,2016-05-27 08:39:34.807,
324112,HulkBulk,0.488761618622038,833,2016-05-14 23:04:11.763,
326743,Ivan Gorshkov,0.488761618622038,834,2016-05-19 16:50:30.890,
324638,CelticMajora,0.488646792675317,835,2016-05-14 13:56:15.830,
324336,yusong,0.488632115092253,836,2016-05-14 14:33:26.253,
324642,Dan Ofer,0.488632115092253,837,2016-05-14 14:58:58.493,
323280,84320,0.488561709166059,838,2016-05-27 00:22:51.220,
324793,Citrinitas,0.488455829186857,839,2016-05-14 21:59:40.240,
333884,Ross McAtee,0.488455829186857,840,2016-06-15 10:39:03.340,
325572,Iair Kleiman,0.48675656008372,841,2016-05-18 17:17:53.257,
342526,TaoZhou,0.484901840273201,842,2016-06-22 21:30:20.513,
344525,majorgowan,0.48199966771954,843,2016-07-05 22:52:57.660,
344203,Whldt,0.480899352441891,844,2016-07-06 08:13:03.783,
324468,yguo,0.478526695965613,845,2016-05-19 03:25:23.540,
344832,mimicFlyer,0.476783200478447,846,2016-07-06 16:14:46.680,
324044,50072,0.47625449766993,847,2016-05-14 05:57:08.547,
323434,fedor,0.476254265307138,848,2016-05-12 23:19:17.973,
324749,umang,0.476245125703959,849,2016-05-15 17:27:50.050,
323948,Damien,0.476238232274445,850,2016-05-14 12:59:25.510,
343180,34885,0.476100944591306,851,2016-06-27 15:23:15.513,
338869,npytest,0.475649347503551,852,2016-06-30 02:17:12.880,
340433,11night,0.474159204914943,853,2016-06-27 15:22:46.083,
345482,Army of Darkness,0.47252879265229,854,2016-07-05 16:34:21.253,
323662,Farbod Faghihi,0.4725021483854,855,2016-05-14 10:23:32.523,
327945,MachineGun,0.472497501129547,856,2016-05-22 23:24:14.047,
335031,chaoyij,0.471215710513138,857,2016-06-08 00:09:49.113,
334364,Sulgi Kim,0.470553554006084,858,2016-06-30 07:19:23.730,
331381,regstrtn,0.469721153029046,859,2016-05-29 20:13:25.020,
327551,achilles,0.469702021826178,860,2016-06-29 00:40:25.787,
327581,JuneZeng,0.46943232607722,861,2016-06-01 18:57:06.103,
343303,Jianguo,0.469008186526337,862,2016-06-24 03:47:26.073,
345521,Matthew Norton,0.467723220283141,863,2016-07-06 14:50:04.310,
331001,AndyAshall,0.465543967106723,864,2016-07-03 16:05:50.190,
323263,RyanBatt,0.46509779181619,865,2016-05-17 22:07:16.173,
325345,freeball155,0.461822096072834,866,2016-05-25 21:12:29.117,
345489,17254,0.461822096072834,867,2016-06-29 21:03:47.707,
323398,Jason already declined FB's DS job :P,0.461759822844403,868,2016-05-13 20:36:47.950,
324040,RSMATLAB,0.461759822844403,869,2016-05-16 06:17:14.677,
325733,Hetch_lee,0.461759822844403,870,2016-05-17 08:58:31.603,
324522,BeyondBeneath,0.461695264715171,871,2016-05-14 11:58:01.760,
323387,pinguinson,0.461510420113899,872,2016-05-20 01:42:07.653,
324538,ŁukaszKuźmiński,0.460333154024523,873,2016-05-19 11:09:48.000,
324283,23388,0.459014921174587,874,2016-05-13 16:08:11.843,
324285,T-Rymz,0.459014921174587,875,2016-05-13 16:37:39.773,
330176,YUCONGHE,0.458735930914837,876,2016-05-26 00:33:21.940,
324535,Yu Hai,0.458666183349899,877,2016-05-14 10:15:20.173,
328238,Santanu,0.458658902649071,878,2016-06-05 09:39:07.783,
324480,Quincy,0.458598178505898,879,2016-05-14 04:05:08.783,
323519,tushar88,0.458598178505898,880,2016-05-15 03:27:08.650,
326622,RohitApte,0.458427972760319,881,2016-05-22 16:05:33.480,
324379,rOcelot,0.458356637382968,882,2016-05-13 20:48:41.310,
324604,Nickil Maveli,0.458356637382968,883,2016-05-14 13:55:18.903,
324648,Priyansu,0.458356637382968,884,2016-05-14 15:09:14.630,
324695,MannyYip,0.458356637382968,885,2016-05-14 17:24:07.790,
324905,MichaelOberst,0.458356637382968,886,2016-05-15 05:52:17.783,
323623,Kim Seungwook,0.458356637382968,887,2016-05-16 12:47:21.397,
325712,fcaldas,0.458356637382968,888,2016-05-17 07:43:38.153,
326907,ishaan,0.458356637382968,889,2016-05-20 01:25:14.020,
331955,Abeer Jha,0.458356637382968,890,2016-05-31 20:04:25.667,
340714,ShubhamPachori,0.458356637382968,891,2016-06-16 00:32:13.427,
327333,m,0.458335105097527,892,2016-05-20 22:37:10.527,
326397,Dheeraj Kasar,0.458335105097527,893,2016-06-10 20:31:22.403,
325962,Dan L,0.458306059748435,894,2016-05-17 22:57:39.593,
328755,Michael O'Neil,0.458287470725015,895,2016-05-24 13:33:45.440,
324717,Alpha,0.458247814141728,896,2016-05-14 18:12:12.187,
325241,AI_JOE,0.458247814141728,897,2016-05-17 12:35:22.840,
326025,Venkata Dikshit,0.458247814141728,898,2016-05-18 01:19:33.150,
326678,Simon McAlister,0.458247814141728,899,2016-05-19 14:01:56.677,
324741,Luis Jover,0.458247814141728,900,2016-05-20 22:46:29.383,
332988,Dima Shulga,0.456797483044009,901,2016-05-31 14:56:30.143,
325240,John Joba,0.455074784026239,902,2016-06-13 04:12:23.457,
337945,Blacksou,0.454754433189578,903,2016-06-23 09:54:48.647,
327952,Olga Talanova,0.453624607837434,904,2016-05-22 20:11:00.597,
327160,Omar El Gabry,0.453598312114734,905,2016-05-20 14:00:04.513,
324119,AbhishekBasu,0.453535612887837,906,2016-05-13 09:05:43.000,
324390,AnassRaissouni,0.453535612887837,907,2016-05-14 15:34:00.287,
342837,The Kraken,0.453495878850291,908,2016-06-25 17:11:04.587,
336812,Bluecat,0.453491154140167,909,2016-06-08 15:13:11.163,
325066,Brad Miller,0.452653602454758,910,2016-06-26 07:15:43.980,
323850,kosti4ka,0.452045586479929,911,2016-05-20 17:37:34.183,
324490,61978,0.451489387408131,912,2016-05-14 04:43:29.020,
331200,ponythewhite,0.45143644741875,913,2016-06-05 19:58:12.033,
324856,isawjet,0.450790866126625,914,2016-06-06 05:59:42.430,
327534,Hanah,0.448685659225525,915,2016-06-23 01:38:54.823,
340027,madara,0.447935049952191,916,2016-06-14 12:01:36.380,
341350,Dimitris,0.447093548096585,917,2016-06-17 16:48:01.333,
340468,АлексейБорисов,0.445901449516182,918,2016-06-19 05:30:30.377,
344750,Alexander Galea,0.445775082884106,919,2016-07-05 11:09:30.217,
326690,hakubaa,0.444834362117603,920,2016-05-19 14:39:15.440,
343251,C_J_B,0.443853055317572,921,2016-06-23 18:55:31.393,
344764,alui22,0.442167960344811,922,2016-07-05 16:27:11.630,
323793,الحوت الأبيض,0.440225639760496,923,2016-05-18 17:20:35.367,
331623,Friedhelm,0.440064844708372,924,2016-06-19 14:37:57.510,
326060,Ty Izuka,0.438128217012578,925,2016-06-28 04:31:55.313,
343472,xcenxcen,0.437346277488166,926,2016-06-24 00:33:19.243,
324852,Alex Pirozhenko,0.435124501918787,927,2016-05-16 12:58:39.730,
325743,varg54,0.430153642149544,928,2016-06-21 14:27:19.360,
328935,DoDoHushHush,0.429893666911833,929,2016-06-14 16:24:11.440,
329796,Telmo31,0.428084296573927,930,2016-05-25 22:09:30.360,
344770,89118,0.426461397373628,931,2016-07-02 15:36:42.293,
342322,darthTC,0.425642550892727,932,2016-06-24 02:23:23.883,
337513,vivek kumar,0.425405850660717,933,2016-06-13 10:27:53.030,
327996,Wenbo,0.423408382641502,934,2016-05-26 22:44:27.983,
327825,Julián David Arias Londoño,0.422622144405068,935,2016-05-22 15:50:26.270,
331206,Yuanjun Gao,0.420252082646603,936,2016-05-28 17:09:42.043,
341345,dathuynh,0.420055774814077,937,2016-06-17 16:50:47.863,
340681,KrzysztofWalczak,0.419322515294793,938,2016-06-15 22:31:26.977,
330201,Yeonhoo Park,0.416683222514167,939,2016-05-25 22:13:21.193,
325464,Steven Lakin,0.412684065216198,940,2016-05-16 17:07:51.310,
325364,Markmcd,0.412635888664,941,2016-05-18 22:36:33.787,
337639,bobcarson,0.410703094956217,942,2016-06-11 18:56:24.953,
340749,88415,0.408531587202855,943,2016-06-25 16:18:25.923,
324281,Cadu,0.407722345051776,944,2016-05-20 10:55:04.747,
341012,30551,0.407217691791764,945,2016-07-05 20:18:31.870,
326421,88362,0.403792664227853,946,2016-06-06 07:22:39.770,
340611,Nigel A. R. Henry,0.398905183974005,947,2016-06-16 13:31:17.393,
325273,yuweixu,0.387512746065789,948,2016-05-16 07:18:39.220,
334751,Сергей Киян,0.38675257119053,949,2016-06-03 22:36:40.917,
338630,Aleksandar Andonov,0.383740762126116,950,2016-06-11 22:08:26.910,
342045,Brandon Shurick,0.383629150530378,951,2016-06-19 16:08:41.220,
325454,peiper77,0.3836210952869,952,2016-05-16 18:29:44.163,
336228,Alberto Vallejo,0.383184524326657,953,2016-06-15 14:22:54.607,
331211,A.V.,0.382926098174029,954,2016-05-27 23:23:06.770,
323871,Seungbum Park,0.381829810518707,955,2016-05-16 22:32:26.367,
335448,Raed Marouf,0.380179415056599,956,2016-06-05 23:54:16.720,
343577,Flávio Monteiro,0.377833286667139,957,2016-06-23 19:14:55.867,
325688,mgulcin,0.374209317823942,958,2016-05-20 13:38:56.500,
345514,rvprasad,0.374067576520627,959,2016-07-03 01:49:13.170,
324843,Yong Kiat,0.366104193798583,960,2016-06-01 00:23:17.370,
324184,AmilGeorge,0.365138571486689,961,2016-06-27 04:08:17.860,
341966,PraveenBabu Devabhaktuni,0.362972253170847,962,2016-06-19 03:09:18.637,
334969,Hit_UA,0.362400601973253,963,2016-06-04 13:51:30.873,
333318,blinkthinking,0.361588803831198,964,2016-06-01 04:22:23.163,
327616,Mikhail Ivanov,0.357306589924982,965,2016-05-21 19:30:02.823,
341138,Mickey Chao,0.353512686426613,966,2016-06-17 03:22:33.043,
331374,Tony Gracious,0.34885071426311,967,2016-06-21 13:08:22.733,
344475,DJ650,0.347896129183295,968,2016-06-27 10:05:24.090,
335432,Mojtaba Kohram,0.345312526019157,969,2016-06-21 23:53:42.987,
324770,44706,0.341891100078006,970,2016-05-18 04:18:23.773,
323907,Jamaisvu,0.341011916725822,971,2016-05-12 20:33:44.557,
325928,matt,0.336792285864243,972,2016-06-01 08:22:30.690,
332618,krelian,0.335181275895662,973,2016-05-31 05:51:21.513,
344182,drakeire,0.332837858405085,974,2016-06-25 22:05:02.650,
328362,Sai Teja Pratap,0.331155087060529,975,2016-05-25 06:15:14.870,
329574,Tuấn Trần,0.330278498424479,976,2016-06-16 16:53:56.970,
328126,Oleksandr Pochapskyy,0.324310453730413,977,2016-05-23 07:53:06.053,
324056,lailaigougou,0.324296705598517,978,2016-05-14 04:56:00.147,
323412,Zhuhao Wang,0.32335087285093,979,2016-05-13 12:00:21.810,
331482,gongzhitaao,0.323345993232283,980,2016-05-28 20:50:49.027,
325643,JSab,0.323344599055529,981,2016-05-30 14:51:24.993,
323250,Yulun Li,0.323300217762128,982,2016-05-16 02:43:54.723,
339962,PierreDelarroqua,0.315799159543779,983,2016-06-14 07:39:10.807,
326173,D. Koops,0.309714623635943,984,2016-05-18 10:59:37.407,
342902,Yue Liu,0.306219190145852,985,2016-06-21 21:50:43.080,
328505,volvic007,0.279940701015309,986,2016-05-24 09:28:58.893,
327630,Jon Joh,0.276727588318193,987,2016-05-21 21:06:53.003,
335340,57088,0.274680588297299,988,2016-06-05 16:10:39.557,
324100,anketer,0.273840364439699,989,2016-05-17 21:47:44.623,
324059,forainy,0.272272264131434,990,2016-05-13 06:04:29.023,
340066,78718,0.269833694076611,991,2016-06-14 17:12:34.123,
333717,ValmikPatel,0.266939964038034,992,2016-06-17 06:58:18.863,
343965,gmr4nm,0.263996895633143,993,2016-06-29 15:19:04.653,
328831,NaveenRathnagar,0.26328342567818,994,2016-06-01 15:22:48.130,
326413,agloolga,0.258073851867177,995,2016-05-18 23:36:33.270,
326469,Mfasih2,0.256813361171287,996,2016-06-19 03:48:46.583,
325695,dingo,0.247919016920084,997,2016-06-23 12:59:23.123,
333023,Eabani,0.247387293396469,998,2016-05-31 15:46:17.513,
345456,EhsanSafavieh,0.239647830951421,999,2016-07-06 21:49:33.637,
324024,YoungTodd,0.239647133863043,1000,2016-05-13 05:05:10.650,
323516,Mania Yang,0.239645274960702,1001,2016-05-13 05:39:51.870,
325569,firas,0.239634353909446,1002,2016-05-20 14:26:22.477,
323689,Manjunath Hegde,0.239629241928007,1003,2016-05-12 19:05:00.063,
323229,Siarhei Bykau,0.239629241928007,1004,2016-05-12 21:48:33.083,
324028,arbitrarydisplayname,0.239629241928007,1005,2016-05-13 03:02:57.330,
324161,Terje,0.239629241928007,1006,2016-05-13 10:56:35.233,
324308,Matthew Asprey,0.239629241928007,1007,2016-05-13 17:57:06.837,
323998,JBroski,0.239629241928007,1008,2016-05-14 20:52:46.753,
326017,Teja Kanchinadam,0.239629241928007,1009,2016-05-18 21:58:47.720,
327853,rmunoz12,0.239629241928007,1010,2016-05-22 14:34:51.177,
335311,Zhihang Fan,0.239629241928007,1011,2016-06-05 15:51:46.823,
344465,Marcio Fonseca,0.239629241928007,1012,2016-06-28 11:27:37.823,
345015,Абрамов Сергей (ШАД),0.239629241928007,1013,2016-06-28 14:40:10.280,
323494,ShivOnkar,0.238973514127077,1014,2016-06-17 06:34:22.030,
326085,KeithLeitmeyer,0.234334623334104,1015,2016-05-18 20:21:45.210,
334294,CaryGreenwood,0.234289312590317,1016,2016-06-06 23:07:57.813,
337712,YiwenChen,0.230922956632096,1017,2016-06-16 06:28:53.723,
345198,Omar Obeya,0.228324675883931,1018,2016-07-02 23:05:16.660,
342070,Vikas Kumar,0.228162099382699,1019,2016-07-06 22:56:08.943,
325421,Shamus Patry,0.226459848290333,1020,2016-05-16 15:52:26.510,
332597,akuz,0.22325370647773,1021,2016-06-02 07:51:09.813,
343011,hdomino,0.213992074105414,1022,2016-06-30 21:32:28.090,
336382,Patrick,0.207927637580155,1023,2016-06-07 20:28:25.473,
342984,Caeadas,0.207482662831883,1024,2016-06-22 05:53:05.287,
326897,Monica,0.20610014294233,1025,2016-05-21 18:06:27.770,
345441,Ugnė Šiurienė,0.202019891030195,1026,2016-07-05 04:38:08.957,
331474,RcCheah,0.199640883304261,1027,2016-05-30 14:08:39.950,
344795,Swinburn,0.190067613700297,1028,2016-07-06 08:00:30.423,
323806,Shawn Yang,0.187798513575587,1029,2016-05-16 13:03:36.520,
325155,Domminique,0.177956516402629,1030,2016-05-16 21:55:59.540,
343973,Bharath Raman,0.173376916847813,1031,2016-06-25 07:11:43.173,
332867,belkale,0.17292187304549,1032,2016-06-25 06:32:52.010,
325083,zembrzuski,0.161463753921813,1033,2016-05-15 22:23:03.613,
341318,URYASEV,0.157966384075083,1034,2016-06-23 13:51:09.537,
330765,Beingzy,0.156868818423716,1035,2016-05-27 02:53:36.103,
325099,shahroom,0.156384303273853,1036,2016-05-15 21:50:31.980,
323844,Nandan,0.156384303273853,1037,2016-05-16 23:08:18.403,
327919,ThomasVarsavsky,0.156384303273853,1038,2016-05-22 17:50:27.867,
327968,pk363,0.156384303273853,1039,2016-05-22 21:17:23.800,
332363,Pranav Ramarao,0.156384303273853,1040,2016-05-30 17:14:04.540,
342144,igworx,0.156384303273853,1041,2016-06-19 17:01:38.683,
332123,Deng Chao,0.155160874443269,1042,2016-05-30 01:46:41.750,
326271,SVJ24,0.152053060818323,1043,2016-05-18 15:31:23.327,
342727,mafuTa,0.149947853916657,1044,2016-06-21 11:13:36.647,
344823,PrakashSubedi,0.14695196170352,1045,2016-06-29 21:31:25.613,
342563,wudys,0.140541110980599,1046,2016-07-02 00:32:13.007,
328106,Yair Beer,0.14049072698184,1047,2016-05-23 06:36:11.583,
342194,Jyotishi,0.12748398729905,1048,2016-06-19 21:11:34.483,
328099,StephenYe,0.126173112603873,1049,2016-05-23 06:04:31.517,
342252,25605,0.122252648838795,1050,2016-06-20 11:37:05.240,
324012,panda,0.119391294682593,1051,2016-05-13 02:34:35.273,
344532,SiddharthShah,0.11909588411891,1052,2016-06-30 06:59:43.040,
326603,isii,0.118385667243053,1053,2016-05-19 11:15:30.477,
340276,Gaenor,0.109547942059211,1054,2016-06-18 11:29:18.950,
343956,KevinPalm,0.108887024822781,1055,2016-06-27 05:13:23.983,
330706,Dzianis Sokalau,0.107809713461596,1056,2016-05-26 22:49:20.310,
325996,Jake Grimes,0.100137016593247,1057,2016-06-12 02:43:09.260,
333667,Scott Manski,0.098026039348867,1058,2016-06-01 19:41:51.973,
340300,Ryder,0.086660826615125,1059,2016-06-15 11:32:38.823,
324549,EdBramston-Cook,0.082756666972527,1060,2016-05-14 08:43:29.070,
323252,Xiaoye Huang,0.077722875613473,1061,2016-05-17 03:14:39.707,
344238,XploSunn,0.076537864097968,1062,2016-06-26 03:08:41.950,
340012,KittenMak,0.074744952789687,1063,2016-06-14 09:57:57.693,
338032,Senan,0.073735607545438,1064,2016-06-10 18:18:46.887,
325190,NNSMedia,0.072648924218361,1065,2016-05-16 03:09:06.310,
328295,Pete Vanmaasdam,0.071363957974876,1066,2016-05-25 11:17:34.957,
327151,Tavish,0.06805975906302,1067,2016-05-23 13:07:59.850,
332059,DenysBondar,0.065903432346992,1068,2016-05-29 21:05:11.900,
334923,RG,0.062187021841017,1069,2016-06-04 11:25:23.070,
344813,hhfengk,0.05403275308474,1070,2016-06-28 01:40:55.240,
339022,luisfo,0.050052804444705,1071,2016-06-13 11:58:21.503,
333736,MadeInSH,0.048308418232945,1072,2016-06-04 20:21:07.890,
343608,Jetty,0.046203830965404,1073,2016-06-23 23:03:10.070,
341004,DhrushilBadani,0.035752346186481,1074,2016-06-16 17:11:53.473,
326161,Immer,0.033015693395728,1075,2016-06-13 08:19:08.630,
327636,SatoshiRobatoFujimoto,0.03176352903315,1076,2016-06-08 07:14:04.330,
345087,haas,0.026019753161005,1077,2016-07-06 13:46:38.560,
345365,64181,0.025626672770045,1078,2016-06-29 13:32:37.633,
334254,JinZhou,0.022918406967158,1079,2016-06-17 04:23:52.270,
334993,shawnoodle,0.022905510832164,1080,2016-06-04 15:13:03.937,
334398,Zhao Yiliang,0.022812836805019,1081,2016-06-03 09:04:51.700,
323274,GaodanFang,0.022812836805019,1082,2016-06-03 16:35:22.270,
334692,amunategui,0.022812836805019,1083,2016-06-03 20:00:45.220,
334230,Jose Santos,0.022812836805019,1084,2016-06-04 13:42:15.453,
335788,Min-Yen Kan,0.022812836805019,1085,2016-06-06 16:00:44.673,
336575,85241,0.022812836805019,1086,2016-06-08 06:38:14.200,
338448,Leo2610,0.022812836805019,1087,2016-06-11 14:23:45.650,
340451,DeepakSaini,0.022812836805019,1088,2016-06-15 10:22:17.557,
345115,smartboy,0.022812836805019,1089,2016-06-28 20:40:40.857,
345541,v8trabantturbo,0.022812836805019,1090,2016-06-29 23:55:45.940,
340750,Reven,0.022526991842897,1091,2016-06-16 03:40:13.657,
341370,Jayhawk1900,0.017217850574459,1092,2016-06-20 01:50:48.923,
345460,Arnaud Riegert,0.015886799043755,1093,2016-06-29 22:39:20.577,
335433,Douglas Sims,0.015787657585549,1094,2016-06-06 16:44:36.800,
337802,Bartosz Chodnicki,0.01332623852273,1095,2016-06-10 08:16:18.503,
345111,Gohar Margaryan,0.009837466099238,1096,2016-06-28 20:59:18.780,
338330,AbdullahAlghamdi,0.00699888349678,1097,2016-07-06 06:18:35.160,
324725,Nicky_ua,0.005824599396862,1098,2016-05-19 09:59:39.783,
341349,schmohawk,0.005324322304233,1099,2016-06-17 20:21:04.133,
345196,joye,0.003793593680352,1100,2016-06-29 05:02:02.787,
323408,Anna,0.003768421044479,1101,2016-06-12 21:09:01.373,
324572,Fabricio Olivetti de Franca,0.003548024935626,1102,2016-05-22 00:27:16.750,
341275,Mohamed Abdel Maksoud,0.003520528671826,1103,2016-06-17 23:24:09.970,
333673,Andrii Ryzhkov,0.003261792702182,1104,2016-06-01 18:49:29.967,
326212,ntzortzis,0.003247037664847,1105,2016-05-19 07:16:09.160,
334425,Sivaji,0.002222743747601,1106,2016-06-03 16:11:54.670,
329046,ThallesDomician,0.001476162094735,1107,2016-05-24 17:06:06.860,
338070,Max Tang,0.001283804429532,1108,2016-06-10 19:47:22.160,
342360,HıncalTopçuoğlu,0.001093886573652,1109,2016-06-27 09:24:06.220,
327250,Илья Иваницкий,0.001062556323773,1110,2016-06-10 11:42:25.997,
323375,kris,0.000830348439626,1111,2016-05-12 15:28:40.850,
336903,demikandr,0.000788135865623,1112,2016-06-09 00:28:11.550,
324060,ca1ypso,0.000756263435894,1113,2016-05-22 01:15:08.390,
331729,Hiraku Shibuya,0.000732639885306,1114,2016-05-29 12:24:27.190,
335842,Yasar,0.0006027490842,1115,2016-06-22 00:22:53.660,
330812,Hafidz Zulkifli,0.000432427157169,1116,2016-05-27 04:22:10.990,
345167,ABHIJEETKUMAR,0.000380610254402,1117,2016-06-29 19:14:44.157,
323484,Tobi Lehman,0.000329838984203,1118,2016-05-13 01:12:39.983,
323370,Violinbeats,0.000283947332649,1119,2016-05-13 18:21:58.117,
333743,YuZhang,0.000127567173179,1120,2016-06-07 02:13:17.393,
338608,Krishna,9.770855432e-05,1121,2016-06-11 21:58:18.350,
324207,dilex,7.4588456449e-05,1122,2016-05-13 13:21:55.667,
345516,Triassic,5.5302344657e-05,1123,2016-06-29 23:02:54.750,
340292,Klessius Renato Berlt,4.802164382e-05,1124,2016-06-15 01:47:17.550,
343875,SiddharthChakravarty,4.7053465517e-05,1125,2016-06-28 22:51:48.550,
323390,Venkat,4.5775470157e-05,1126,2016-05-22 08:50:53.627,
327677,YueWang,3.9269311962e-05,1127,2016-05-22 00:11:25.000,
332239,Sergey,3.6248595657e-05,1128,2016-06-05 10:13:41.377,
324520,87160,3.2608245239e-05,1129,2016-06-17 23:45:19.437,
345100,_LiL_,3.098170569e-05,1130,2016-06-29 22:35:46.573,
332891,Salsinats,2.9858618859e-05,1131,2016-06-16 22:09:22.237,
323169,SeaBreeze,2.9781164595e-05,1132,2016-05-11 20:47:59.450,
323300,KeyShin,2.9781164595e-05,1133,2016-05-11 22:23:54.100,
323195,gcremi92,2.9781164595e-05,1134,2016-05-11 22:32:22.883,
323362,jordansilva,2.9781164595e-05,1135,2016-05-12 00:00:57.890,
323380,Doug Needham,2.9781164595e-05,1136,2016-05-12 00:43:28.250,
323532,Markus Shepherd,2.9781164595e-05,1137,2016-05-12 07:16:58.703,
323622,Patrick Guzman,2.9781164595e-05,1138,2016-05-12 10:07:16.607,
323691,Anonymous,2.9781164595e-05,1139,2016-05-12 14:52:06.793,
323760,MickeyDax,2.9781164595e-05,1140,2016-05-12 15:05:40.857,
323841,58303,2.9781164595e-05,1141,2016-05-13 10:21:15.503,
324837,29147,2.9781164595e-05,1142,2016-05-15 01:33:55.393,
325033,Universal Entropy,2.9781164595e-05,1143,2016-05-15 14:50:04.037,
323492,Dongsun Moon,2.9781164595e-05,1144,2016-05-15 16:25:22.090,
325067,LeonardoG,2.9781164595e-05,1145,2016-05-15 17:08:22.993,
327257,34626,2.9781164595e-05,1146,2016-05-20 18:18:02.783,
326704,yash14123,2.9781164595e-05,1147,2016-05-22 07:04:48.883,
328363,Kannappan Sirchabesan,2.9781164595e-05,1148,2016-05-23 19:22:15.923,
328573,wsmath1234,2.9781164595e-05,1149,2016-05-24 05:35:13.247,
328766,Long Tao,2.9781164595e-05,1150,2016-05-24 14:11:08.147,
329180,avinash,2.9781164595e-05,1151,2016-05-24 18:57:28.577,
331673,Aardvark,2.9781164595e-05,1152,2016-05-29 05:55:45.763,
332031,AndreyTvorothkov,2.9781164595e-05,1153,2016-05-29 19:56:21.757,
332493,Steven Watson,2.9781164595e-05,1154,2016-05-30 17:33:57.913,
332832,70110,2.9781164595e-05,1155,2016-05-31 08:12:32.060,
332873,Toshnoue,2.9781164595e-05,1156,2016-05-31 10:41:48.373,
334221,Feiyan Hu,2.9781164595e-05,1157,2016-06-02 22:56:58.407,
336344,Arpit,2.9781164595e-05,1158,2016-06-07 18:35:05.667,
338724,mnrl,2.9781164595e-05,1159,2016-06-12 03:49:09.830,
339896,Pratap,2.9781164595e-05,1160,2016-06-14 03:30:46.457,
339934,ESAULPARRAGARCIA,2.9781164595e-05,1161,2016-06-14 06:52:35.017,
342881,AadilHayat,2.9781164595e-05,1162,2016-06-22 00:41:58.700,
342934,Nicolas Debray,2.9781164595e-05,1163,2016-06-22 01:40:42.440,
343265,Amy Li,2.9781164595e-05,1164,2016-06-22 21:26:56.160,
343963,Phoenix,2.9781164595e-05,1165,2016-06-25 00:27:18.370,
344232,Mark Vicuna,2.9781164595e-05,1166,2016-06-26 02:02:30.227,
344261,TKevinS,2.9781164595e-05,1167,2016-06-26 06:13:31.147,
344470,ts01,2.9781164595e-05,1168,2016-06-27 00:54:16.713,
344533,averma,2.9781164595e-05,1169,2016-06-27 06:40:24.310,
344564,data-science,2.9781164595e-05,1170,2016-06-27 09:05:28.330,
344699,Aleksei Kuzmin,2.9781164595e-05,1171,2016-06-27 15:31:40.800,
344847,S Neo,2.9781164595e-05,1172,2016-06-28 04:07:43.380,
344962,DaniloFariasVettorazzi,2.9781164595e-05,1173,2016-06-28 11:29:47.247,
345113,65529,2.9781164595e-05,1174,2016-06-28 21:09:45.237,
345176,67934,2.9781164595e-05,1175,2016-06-29 03:03:04.673,
345267,ctov,2.9781164595e-05,1176,2016-06-29 09:18:34.840,
345335,Samir Zachariah George,2.9781164595e-05,1177,2016-06-29 12:14:20.990,
342325,Smujjiga,2.9781164595e-05,1178,2016-06-29 12:56:42.207,
345373,"Predictions, Forecasts & Lies",2.9781164595e-05,1179,2016-06-29 13:36:38.390,
326144,NarumiShigihara,2.9781164595e-05,1180,2016-06-29 14:05:40.637,
345403,Morris.Po,2.9781164595e-05,1181,2016-06-29 15:46:21.610,
323381,Leon,2.9781164595e-05,1182,2016-06-29 16:12:25.527,
345434,Felix Silvestris,2.9781164595e-05,1183,2016-06-29 17:51:47.047,
341048,KolaveriDi,2.9781164595e-05,1184,2016-06-29 18:41:35.370,
345467,21250,2.9781164595e-05,1185,2016-06-29 19:14:37.330,
345454,Argento,2.9781164595e-05,1186,2016-06-29 19:16:31.343,
345190,60456,2.9781164595e-05,1187,2016-06-29 20:07:34.723,
345469,AnirudhSharma,2.9781164595e-05,1188,2016-06-29 20:12:27.953,
345476,Russ Williams,2.9781164595e-05,1189,2016-06-29 20:48:32.450,
345497,Andrey Vakunov,2.9781164595e-05,1190,2016-06-29 21:32:50.480,
345498,jay_ar,2.9781164595e-05,1191,2016-06-29 21:36:11.307,
342056,Glimmung,2.9781164595e-05,1192,2016-06-29 21:51:03.947,
345513,comanda,2.9781164595e-05,1193,2016-06-29 22:17:35.447,
345512,EsolConsult,2.9781164595e-05,1194,2016-06-29 22:34:40.293,
343898,superfluid,2.9781164595e-05,1195,2016-06-29 22:42:43.070,
330496,antoineR,2.1106287001e-05,1196,2016-05-27 17:50:42.133,
323988,mdev,2.0912651341e-05,1197,2016-05-13 00:58:54.437,
340821,44969,1.7427209451e-05,1198,2016-06-16 09:45:04.777,
345265,wilpowe2,1.2431409408e-05,1199,2016-06-29 15:57:37.677,
342279,gosh76,1.1618139634e-05,1200,2016-06-20 06:41:19.117,
323781,unbekannt,2.323627927e-06,1201,2016-05-12 15:54:00.717,
324120,Krzysztof Langner,2.323627927e-06,1202,2016-05-15 13:18:28.900,
327657,Matthew Mok,2.323627927e-06,1203,2016-05-21 23:32:23.913,
345048,Effy Wang,2.323627927e-06,1204,2016-06-28 16:10:08.757,
325164,Alan,1.161813963e-06,1205,2016-05-15 22:58:51.700,
324802,gregchase,0.0,1206,2016-05-14 22:47:41.320,
325126,Bruno Morgan,0.0,1207,2016-05-15 21:26:24.427,
325589,goody,0.0,1208,2016-05-16 22:49:57.107,
325864,RufusWaithaka,0.0,1209,2016-05-17 16:03:05.937,
334089,danmalper,0.0,1210,2016-06-03 16:30:05.373,
335048,wjh70301,0.0,1211,2016-06-04 18:17:59.097,
344732,Pierre Chretien,0.0,1212,2016-06-28 21:53:26.103,
